Date,PortfolioOpen,PreviousIndiaTradingDate,PreviousPortfolioClose,PreviousNIFTY50Close,PreviousUKTradingDate,PreviousFTSE100Close,PreviousUStradingDate,PreviousSNP500Close,HongKongTradingDate,HANGSENOpen,BRENTClose,GOLDClose,BTCINR,PreviousUS5yrBondYieldClose,PreviousIndia5YRBondYieldClose,USDINRLastClose,GBPINRLastClose
02/03/2021,122447400,,,,,,,,,,,,,,Price,,
03/03/2021,123654600,02/03/2021,122583200,14919.1,02/03/2021,6613.75,02/03/2021,3870.29,03/03/2021,29249.43,59.75,1733.6,3554923.485,6.75,5.777,73.2775,102.234
04/03/2021,121784650,03/03/2021,124015300,15245.6,03/03/2021,6675.47,03/03/2021,3819.72,04/03/2021,29525.48,61.28,1715.8,3670932.633,7.27,5.798,72.8807,101.5616
05/03/2021,121049600,04/03/2021,122129800,15080.75,04/03/2021,6650.88,04/03/2021,3768.47,05/03/2021,28667.14,63.83,1700.7,3547903.045,7.82,5.79,73.1318,101.5621
08/03/2021,121335200,05/03/2021,120400350,14938.1,05/03/2021,6630.52,05/03/2021,3841.94,08/03/2021,29362.59,66.09,1698.5,3727922.863,7.85,5.849,73.1334,101.1271
09/03/2021,122286300,08/03/2021,120937650,14956.2,08/03/2021,6719.13,08/03/2021,3821.35,09/03/2021,28665.26,65.05,1678,3835480.062,8.5,5.845,73.33,101.3862
10/03/2021,123432200,09/03/2021,122635500,15098.4,09/03/2021,6730.34,09/03/2021,3875.44,10/03/2021,29255.37,63.69,1716.9,3996596.886,8.21,5.855,72.7759,101.067
12/03/2021,125308750,10/03/2021,122988950,15174.8,11/03/2021,6736.96,11/03/2021,3939.34,12/03/2021,29550.37,65.66,1722.6,4198330.732,7.78,5.881,72.639,101.6205
15/03/2021,122374700,12/03/2021,122259850,15030.95,12/03/2021,6761.47,12/03/2021,3943.34,15/03/2021,28923.95,65.64,1719.8,4319487.581,8.47,5.872,72.683,101.1747
16/03/2021,121076450,15/03/2021,120738250,14929.5,15/03/2021,6749.7,15/03/2021,3968.94,16/03/2021,29036.82,65.44,1729.2,4042299.567,8.31,5.845,72.5153,100.7876
17/03/2021,120598800,16/03/2021,119870950,14910.45,16/03/2021,6803.61,16/03/2021,3962.71,17/03/2021,28992.24,64.86,1730.9,4127544.169,8.24,5.822,72.5156,100.8109
18/03/2021,119229500,17/03/2021,118148600,14721.3,17/03/2021,6762.67,17/03/2021,3974.12,18/03/2021,29317.61,64.63,1727.1,4260213.7,7.8,5.833,72.2956,100.9487
19/03/2021,117145900,18/03/2021,117775400,14557.85,18/03/2021,6779.68,18/03/2021,3915.46,19/03/2021,29158.48,60.06,1732.5,4189000.12,8.69,5.803,72.6688,101.1924
22/03/2021,118765750,19/03/2021,118864450,14744,19/03/2021,6708.71,19/03/2021,3913.1,22/03/2021,28801.09,61.44,1743.9,4161191.553,8.81,5.761,72.405,100.2027
23/03/2021,118402500,22/03/2021,118251250,14736.4,22/03/2021,6726.1,22/03/2021,3940.59,23/03/2021,29008.02,61.56,1740.4,3915336.02,8.6,5.713,72.3805,100.3401
24/03/2021,118579650,23/03/2021,119440800,14814.75,23/03/2021,6699.19,23/03/2021,3910.52,24/03/2021,28437.49,57.76,1727.5,3947067.557,8.29,5.671,72.6122,99.77087
25/03/2021,117769000,24/03/2021,117140450,14549.4,24/03/2021,6712.89,24/03/2021,3889.14,25/03/2021,27628.08,61.18,1735.5,3796980.641,8.14,5.684,72.6456,99.39749
26/03/2021,117557950,25/03/2021,115513650,14324.9,25/03/2021,6674.83,25/03/2021,3909.52,26/03/2021,28043.65,58.56,1727.3,3726310.481,8.19,5.641,72.6128,99.80891
30/03/2021,118683850,26/03/2021,117381250,14507.3,29/03/2021,6736.17,29/03/2021,3971.09,30/03/2021,28552.77,61.56,1714.6,4190900.762,8.91,5.622,72.7419,100.1961
31/03/2021,121015400,30/03/2021,121333750,14845.1,30/03/2021,6772.12,30/03/2021,3958.55,31/03/2021,28802.53,60.55,1686,4317599.48,9.1,5.678,73.4453,100.8612
01/04/2021,119383150,31/03/2021,118944150,14690.7,31/03/2021,6713.63,31/03/2021,3972.89,01/04/2021,28594.55,59.16,1715.6,4304380.5,9.38,5.705,73.2035,100.8506
05/04/2021,119020200,01/04/2021,119357000,14867.35,01/04/2021,6737.3,01/04/2021,4019.87,07/04/2021,29101.4,61.45,1728.4,4270512.425,9.07,-1,73.376,101.437
06/04/2021,117436250,05/04/2021,116724000,14637.8,01/04/2021,6737.3,05/04/2021,4077.91,07/04/2021,29101.4,58.65,1728.8,4332518.659,9.41,5.573,73.2795,101.8746
07/04/2021,117017700,06/04/2021,117051300,14683.5,06/04/2021,6823.55,06/04/2021,4073.94,07/04/2021,29101.4,59.33,1743,4263500.108,8.72,5.574,73.49,101.6066
08/04/2021,118228550,07/04/2021,117732700,14819.05,07/04/2021,6885.32,07/04/2021,4079.95,08/04/2021,28604.12,59.81,1741.6,4163202.002,8.56,5.609,74.4015,102.1947
09/04/2021,116656000,08/04/2021,116867650,14873.8,08/04/2021,6942.22,08/04/2021,4097.17,09/04/2021,29152.44,59.63,1758.2,4325065.684,8.4,5.569,74.5445,102.3958
12/04/2021,114724000,09/04/2021,116427200,14834.85,09/04/2021,6915.75,09/04/2021,4128.8,12/04/2021,28791.97,59.35,1744.8,4482977.918,8.68,5.583,74.7295,102.4436
13/04/2021,111926600,#N/A,#N/A,#N/A,12/04/2021,6889.12,12/04/2021,4127.99,13/04/2021,28557.84,59.75,1732.7,4490933.496,8.9,5.589,74.991,103.1013
15/04/2021,115338950,13/04/2021,114930500,14504.8,14/04/2021,6939.58,14/04/2021,4124.66,15/04/2021,28872.82,63.22,1736.3,4698487.655,8.6,-1,75.0261,103.4019
16/04/2021,116729500,15/04/2021,116479750,14581.45,15/04/2021,6983.5,15/04/2021,4170.42,16/04/2021,28827.17,63.51,1766.8,4725552.403,7.92,5.637,74.7274,102.9944
19/04/2021,114078100,16/04/2021,117070550,14617.85,16/04/2021,7019.53,16/04/2021,4185.47,19/04/2021,28960.13,63.19,1780.2,4196013.41,8.21,5.59,74.5632,103.1052
20/04/2021,116396850,19/04/2021,115273850,14359.45,19/04/2021,7000.08,19/04/2021,4163.26,20/04/2021,28962.8,63.43,1770.6,4168550.702,8.31,5.536,74.8782,104.7573
22/04/2021,113927900,20/04/2021,114683150,14296.4,21/04/2021,6895.29,21/04/2021,4173.42,22/04/2021,28716.98,61.35,1793.1,4058776.788,8.02,5.545,75.4295,105.0724
23/04/2021,114698400,22/04/2021,115438550,14406.15,22/04/2021,6938.24,22/04/2021,4134.98,23/04/2021,28798.45,61.43,1782,3882366.452,8.02,5.527,75.0917,103.91
26/04/2021,114523900,23/04/2021,114353200,14341.35,23/04/2021,6938.56,23/04/2021,4180.17,26/04/2021,29106.45,62.14,1777.8,3673003.816,8.16,5.439,74.8681,103.8372
27/04/2021,114073850,26/04/2021,113978250,14485,26/04/2021,6963.12,26/04/2021,4187.62,27/04/2021,28895.38,61.91,1780.1,4041304.92,8.31,5.416,74.8149,103.9434
28/04/2021,116009450,27/04/2021,115770700,14653.05,27/04/2021,6944.97,27/04/2021,4186.72,28/04/2021,28991.94,62.94,1778.8,4105110.404,8.78,5.424,74.575,103.6871
29/04/2021,118797100,28/04/2021,117979950,14864.55,28/04/2021,6963.67,28/04/2021,4183.18,29/04/2021,29268.21,63.86,1773.9,4079285.672,8.64,5.427,74.3118,103.6748
30/04/2021,116120250,29/04/2021,117665700,14894.9,29/04/2021,6961.48,29/04/2021,4211.47,30/04/2021,29143.43,65.01,1768.3,3970868.94,8.67,5.427,74.1058,103.3315
03/05/2021,113280250,30/04/2021,114376900,14631.1,30/04/2021,6969.81,30/04/2021,4181.17,03/05/2021,28659.91,63.58,1767.7,4195639.615,8.57,5.42,74.0948,102.3741
04/05/2021,115088450,03/05/2021,115014200,14634.15,30/04/2021,6969.81,03/05/2021,4192.66,04/05/2021,28438.15,64.49,1791.8,4223334.705,8.29,5.573,73.8375,102.6689
05/05/2021,113850400,04/05/2021,113011750,14496.5,04/05/2021,6923.17,04/05/2021,4164.66,05/05/2021,28427.67,65.69,1776,3928142.126,8.21,5.594,73.7789,102.4647
06/05/2021,115828200,05/05/2021,115293100,14617.85,05/05/2021,7039.3,05/05/2021,4167.59,06/05/2021,28647.97,65.63,1784.3,4244631.149,8.03,5.566,73.7994,102.6298
07/05/2021,115766950,06/05/2021,115007050,14724.8,06/05/2021,7076.17,06/05/2021,4201.62,07/05/2021,28721.13,64.71,1815.7,4155187.267,7.97,5.519,73.6152,102.2929
10/05/2021,116825300,07/05/2021,115900900,14823.15,07/05/2021,7129.71,07/05/2021,4232.6,10/05/2021,28776.99,64.9,1831.3,4268324.367,7.71,5.537,73.2903,102.8426
11/05/2021,116430550,10/05/2021,117763000,14942.35,10/05/2021,7123.68,10/05/2021,4188.43,11/05/2021,28286.56,64.92,1837.6,4101666.751,7.82,5.54,73.5,103.7873
12/05/2021,118197750,11/05/2021,117415100,14850.75,11/05/2021,6947.99,11/05/2021,4152.1,12/05/2021,28073.92,65.3,1836.1,4164484.027,8.01,5.549,73.3751,103.7826
14/05/2021,118966950,12/05/2021,118939150,14696.5,13/05/2021,6963.33,13/05/2021,4112.5,14/05/2021,27872.69,63.84,1824,3649812.662,8.37,5.551,73.4449,103.1693
17/05/2021,118981750,14/05/2021,118437800,14677.8,14/05/2021,7043.61,14/05/2021,4173.85,17/05/2021,28130.51,65.36,1838.1,3403867.812,8.16,5.574,73.2789,103.3364
18/05/2021,122644250,17/05/2021,121402600,14923.15,17/05/2021,7032.85,17/05/2021,4163.29,18/05/2021,28438.03,66.28,1867.6,3193141.055,8.29,5.555,73.2697,103.6157
19/05/2021,123554300,18/05/2021,123737550,15108.1,18/05/2021,7034.24,18/05/2021,4127.83,20/05/2021,28413.49,65.5,1868,3133936.151,8.19,5.577,73.1282,103.7435
20/05/2021,123197900,19/05/2021,123198300,15030.15,19/05/2021,6950.2,19/05/2021,4115.68,20/05/2021,28413.49,63.35,1881.5,2704936.384,8.63,5.565,73.2229,103.3323
21/05/2021,122543850,20/05/2021,121755350,14906.05,20/05/2021,7019.79,20/05/2021,4159.12,21/05/2021,28584.34,61.94,1883.9,2966393.403,8.15,5.543,73.0219,103.6273
24/05/2021,125708300,21/05/2021,125350800,15175.3,21/05/2021,7018.05,21/05/2021,4155.86,24/05/2021,28417.99,63.58,1878.9,2533077.412,8.28,5.546,72.9098,103.1205
25/05/2021,126325800,24/05/2021,125783250,15197.7,24/05/2021,7051.59,24/05/2021,4197.05,25/05/2021,28461.5,66.05,1886.7,2831787.472,8.07,5.541,72.8366,103.1081
26/05/2021,124886250,25/05/2021,124642450,15208.45,25/05/2021,7029.79,25/05/2021,4188.13,26/05/2021,29056.28,66.07,1900.5,2781156.73,7.74,5.498,72.8049,102.971
27/05/2021,125542600,26/05/2021,125476550,15301.45,26/05/2021,7026.93,26/05/2021,4195.99,27/05/2021,28998.39,66.21,1903.8,2855544.9,7.78,-1,72.6725,102.7048
28/05/2021,126347050,27/05/2021,126020750,15337.85,27/05/2021,7019.67,27/05/2021,4200.88,28/05/2021,29219.46,66.85,1898.5,2802699.575,8.14,5.534,72.683,103.2239
31/05/2021,126147300,28/05/2021,126732100,15435.65,28/05/2021,7022.61,28/05/2021,4204.11,31/05/2021,29225.46,66.32,1905.3,2580576.57,7.88,5.54,72.3935,102.6902
01/06/2021,127080600,31/05/2021,126644500,15582.8,28/05/2021,7022.61,28/05/2021,4204.11,01/06/2021,29159.06,66.32,1905.3,2701737.738,7.88,5.588,72.4872,103.0404
02/06/2021,126198900,01/06/2021,126395000,15574.85,01/06/2021,7080.46,01/06/2021,4202.04,02/06/2021,29414.64,67.72,1905,2672694.846,8.09,5.607,72.855,103.0794
03/06/2021,127065750,02/06/2021,126615050,15576.2,02/06/2021,7108,02/06/2021,4208.12,03/06/2021,29365.32,68.83,1909.9,2742169.19,7.96,5.583,72.9651,103.4088
04/06/2021,127492300,03/06/2021,127456650,15690.35,03/06/2021,7064.35,03/06/2021,4192.85,04/06/2021,28837.95,68.81,1873.3,2866622.135,8.45,5.557,73.0442,103.0605
07/06/2021,126970750,04/06/2021,126368800,15670.25,04/06/2021,7069.04,04/06/2021,4229.89,07/06/2021,28985.6,69.62,1892,2610205.373,7.84,5.59,72.9097,103.2416
08/06/2021,126363850,07/06/2021,126558100,15751.65,07/06/2021,7077.22,07/06/2021,4226.52,08/06/2021,28900.52,69.23,1898.8,2445188.318,7.93,5.559,72.8094,103.2254
09/06/2021,126148550,08/06/2021,126104600,15740.1,08/06/2021,7095.09,08/06/2021,4227.26,09/06/2021,28771.14,70.05,1894.4,2438594.764,7.66,5.514,72.9753,103.2625
10/06/2021,125889550,09/06/2021,125598950,15635.35,09/06/2021,7081.01,09/06/2021,4219.55,10/06/2021,28792.02,69.96,1895.5,2727688.96,7.45,5.518,72.9853,103.0297
11/06/2021,126682300,10/06/2021,126047250,15737.75,10/06/2021,7088.18,10/06/2021,4239.18,11/06/2021,28864.9,69.58,1896.4,2679122.509,7.31,5.495,73.0123,103.4913
14/06/2021,126253400,11/06/2021,126553050,15799.35,11/06/2021,7134.06,11/06/2021,4247.44,15/06/2021,28946.44,69.92,1879.6,2857155.274,7.48,5.513,73.2316,103.3695
15/06/2021,126669050,14/06/2021,126384100,15811.85,14/06/2021,7146.68,14/06/2021,4255.15,15/06/2021,28946.44,70,1865.9,2966071.865,7.87,5.542,73.1808,103.249
16/06/2021,127169700,15/06/2021,127119950,15869.25,15/06/2021,7172.48,15/06/2021,4246.59,16/06/2021,28609.37,71.14,1856.4,2951637.893,7.85,5.642,73.3447,103.2742
17/06/2021,125413950,16/06/2021,126432550,15767.55,16/06/2021,7184.95,16/06/2021,4223.7,17/06/2021,28240.88,71.27,1861.4,2831237.646,8.82,5.676,73.8241,103.2785
18/06/2021,125637500,17/06/2021,125335900,15691.4,17/06/2021,7153.43,17/06/2021,4221.86,18/06/2021,28586.04,70.78,1774.8,2828689.568,8.79,5.664,74.2539,103.453
21/06/2021,123410500,18/06/2021,124783950,15683.35,18/06/2021,7017.47,18/06/2021,4166.45,21/06/2021,28501.64,71.29,1769,2641830.208,8.86,5.616,74.1439,102.483
22/06/2021,125129050,21/06/2021,124365800,15746.5,21/06/2021,7062.29,21/06/2021,4224.79,22/06/2021,28575.16,73.12,1782.9,2343280.717,8.84,5.652,74.1352,103.3026
23/06/2021,125078600,22/06/2021,124478650,15772.75,22/06/2021,7090.01,22/06/2021,4246.44,23/06/2021,28468.24,72.85,1777.4,2418651.557,8.59,5.652,74.3322,103.705
24/06/2021,124970200,23/06/2021,124746400,15686.95,23/06/2021,7074.06,23/06/2021,4241.84,24/06/2021,28865.46,73.08,1783.4,2500213.378,8.8,5.652,74.2469,103.6829
25/06/2021,126142400,24/06/2021,125932400,15790.45,24/06/2021,7109.97,24/06/2021,4266.49,25/06/2021,29002.67,73.3,1776.7,2571036.414,9.07,5.645,74.1903,103.285
28/06/2021,126735000,25/06/2021,126385250,15860.35,25/06/2021,7136.07,25/06/2021,4280.7,28/06/2021,29366.49,74.05,1777.8,2576134.178,9.3,5.695,74.213,103.0951
29/06/2021,126060650,28/06/2021,126214700,15814.7,28/06/2021,7072.97,28/06/2021,4290.61,29/06/2021,29291.89,72.91,1780.7,2562349.782,8.96,5.727,74.2854,103.0898
30/06/2021,125809250,29/06/2021,125731050,15748.45,29/06/2021,7087.55,29/06/2021,4291.8,30/06/2021,29107.9,72.98,1763.6,2667245.823,8.91,5.676,74.2876,102.7349
01/07/2021,125338400,30/06/2021,125076750,15721.5,30/06/2021,7037.47,30/06/2021,4297.5,02/07/2021,28859.02,73.47,1771.6,2608169.989,8.73,5.72,74.371,102.854
02/07/2021,125182100,01/07/2021,125001950,15680,01/07/2021,7125.16,01/07/2021,4319.94,02/07/2021,28859.02,75.23,1776.8,2499335.286,9.02,5.7,74.545,102.6077
05/07/2021,125658250,02/07/2021,124915350,15722.2,02/07/2021,7123.27,02/07/2021,4352.34,05/07/2021,28098.91,75.16,1783.3,2630169.735,8.59,5.751,74.4818,103.0198
06/07/2021,126434950,05/07/2021,126367350,15834.35,05/07/2021,7164.91,02/07/2021,4352.34,06/07/2021,28136.63,75.16,1783.3,2509296.935,8.59,5.759,74.3178,102.9823
07/07/2021,127997950,06/07/2021,128199500,15818.25,06/07/2021,7100.88,06/07/2021,4343.54,07/07/2021,27777.81,72.58,1794.2,2550180.06,8.09,5.834,74.7629,103.1961
08/07/2021,127905800,07/07/2021,128734200,15879.65,07/07/2021,7151.02,07/07/2021,4358.13,08/07/2021,27881.5,71.5,1802.1,2534862.208,7.8,5.798,74.8219,103.2618
09/07/2021,126992250,08/07/2021,127485650,15727.9,08/07/2021,7030.66,08/07/2021,4320.82,09/07/2021,27131.57,72.22,1800.2,2454912.561,7.36,5.701,74.7214,103.0526
12/07/2021,126892600,09/07/2021,126619900,15689.8,09/07/2021,7121.88,09/07/2021,4369.55,12/07/2021,27672.7,73.81,1810.6,2551993.502,7.87,5.73,74.4905,103.5317
13/07/2021,126704700,12/07/2021,126005800,15692.6,12/07/2021,7125.42,12/07/2021,4384.63,13/07/2021,27694.03,73.44,1805.9,2466668.503,7.96,5.749,74.5417,103.5028
14/07/2021,126785700,13/07/2021,127171750,15812.35,13/07/2021,7124.72,13/07/2021,4369.21,14/07/2021,27965.39,74.69,1809.9,2432208.459,8.48,5.72,74.6591,103.1101
15/07/2021,127211250,14/07/2021,126959200,15853.95,14/07/2021,7091.19,14/07/2021,4374.3,15/07/2021,27801.4,72.64,1825,2443808.53,7.99,5.691,74.4691,103.2125
16/07/2021,128798550,15/07/2021,128148950,15924.2,15/07/2021,7012.02,15/07/2021,4360.03,16/07/2021,27972.56,71.38,1829,2375397.805,7.75,5.691,74.537,103.0762
19/07/2021,126423050,16/07/2021,128399700,15923.4,16/07/2021,7008.09,16/07/2021,4327.16,19/07/2021,27786.54,71.56,1815,2372418.531,7.78,5.681,74.6318,102.7024
20/07/2021,124554550,19/07/2021,125840600,15752.4,19/07/2021,6844.39,19/07/2021,4258.49,20/07/2021,27395.83,66.35,1809.2,2312954.153,6.9,5.655,74.9934,102.5102
22/07/2021,124566450,20/07/2021,123677400,15632.1,21/07/2021,6998.28,21/07/2021,4358.69,22/07/2021,27464.28,70.3,1803.4,2392151.304,7.31,5.635,74.4402,102.0972
23/07/2021,124864200,22/07/2021,124648150,15824.05,22/07/2021,6968.3,22/07/2021,4367.48,23/07/2021,27740.95,71.91,1809.2,2404085.488,7.12,5.681,74.452,102.5545
26/07/2021,124099900,23/07/2021,124626400,15856.05,23/07/2021,7027.58,23/07/2021,4411.79,26/07/2021,26825.73,72.07,1805.9,2637599.376,7.18,5.686,74.4489,102.4331
27/07/2021,124330150,26/07/2021,124194950,15824.45,26/07/2021,7025.43,26/07/2021,4422.3,27/07/2021,26011.51,71.91,1803.4,2768236.667,7.13,5.682,74.2895,102.6645
28/07/2021,124101300,27/07/2021,124071150,15746.45,27/07/2021,6996.08,27/07/2021,4401.46,28/07/2021,25356.74,71.65,1804,2942008.846,6.94,5.689,74.5023,103.4259
29/07/2021,123463100,28/07/2021,122744400,15709.4,28/07/2021,7016.63,28/07/2021,4400.64,29/07/2021,26221.36,72.39,1804.6,2978221.097,7.4,5.706,74.39,103.4355
30/07/2021,123237800,29/07/2021,123079500,15778.45,29/07/2021,7078.42,29/07/2021,4419.15,30/07/2021,26042.84,73.62,1835.8,2972577.45,7.3,5.721,74.252,103.6804
02/08/2021,125793100,30/07/2021,124995250,15763.05,30/07/2021,7032.3,30/07/2021,4395.26,02/08/2021,26054.81,73.95,1817.2,2965162.539,7.03,5.726,74.3791,103.3591
03/08/2021,124498750,02/08/2021,124894150,15885.15,02/08/2021,7081.72,02/08/2021,4387.16,03/08/2021,26289.06,71.26,1822.2,2910066.506,6.51,5.731,74.332,103.2495
04/08/2021,126746250,03/08/2021,126453750,16130.75,03/08/2021,7105.72,03/08/2021,4423.15,04/08/2021,26161.83,70.56,1814.1,2834346.107,6.51,5.734,74.2144,103.283
05/08/2021,127351000,04/08/2021,127068100,16258.8,04/08/2021,7123.86,04/08/2021,4402.66,05/08/2021,26390.01,68.15,1814.5,2947303.16,6.75,5.709,74.184,103.0487
06/08/2021,127575550,05/08/2021,127488850,16294.6,05/08/2021,7120.43,05/08/2021,4429.1,06/08/2021,26262.97,69.09,1808.9,3029126.895,7.19,5.712,74.082,103.1736
09/08/2021,127950600,06/08/2021,127747900,16238.2,06/08/2021,7122.95,06/08/2021,4436.52,09/08/2021,25969.23,68.28,1763.1,3260134.511,7.65,5.779,74.4914,103.2659
10/08/2021,128243750,09/08/2021,128751350,16258.25,09/08/2021,7132.3,09/08/2021,4432.35,10/08/2021,26456.61,66.48,1726.5,3450767.846,7.92,5.729,74.4662,103.114
11/08/2021,129681100,10/08/2021,129261700,16280.1,10/08/2021,7161.04,10/08/2021,4436.75,11/08/2021,26491.74,68.29,1731.7,3393265.317,8.23,5.741,74.4355,102.9941
12/08/2021,128339050,11/08/2021,128214300,16282.25,11/08/2021,7220.14,11/08/2021,4447.7,12/08/2021,26623.77,69.02,1753.3,3375654.988,8.12,5.752,74.103,102.7735
13/08/2021,128634500,12/08/2021,128636350,16364.4,12/08/2021,7193.23,12/08/2021,4460.83,13/08/2021,26296.19,68.9,1751.8,3301719.125,8.31,5.744,74.2601,102.5555
16/08/2021,129727000,13/08/2021,129738750,16529.1,13/08/2021,7218.71,13/08/2021,4468,16/08/2021,26365.19,68.21,1778.2,3491927.045,7.88,5.732,74.2168,102.9052
17/08/2021,129951700,16/08/2021,130431100,16563.05,16/08/2021,7153.98,16/08/2021,4479.71,17/08/2021,26137.9,67.05,1789.8,3400932.353,7.51,-1,74.135,102.6266
18/08/2021,131734750,17/08/2021,129545800,16614.6,17/08/2021,7181.11,17/08/2021,4448.08,18/08/2021,25800.03,66.34,1787.8,3321984.929,7.64,5.695,74.3645,102.1744
20/08/2021,127769850,18/08/2021,129485000,16568.85,19/08/2021,7058.86,19/08/2021,4405.8,20/08/2021,25241.32,63.5,1783.1,3480752.772,7.65,5.658,74.4293,101.4644
23/08/2021,129781250,20/08/2021,128699900,16450.5,20/08/2021,7087.9,20/08/2021,4441.67,23/08/2021,25169.45,62.14,1784,3661932.028,7.85,5.69,74.3015,101.2755
24/08/2021,128831400,23/08/2021,128449950,16496.45,23/08/2021,7109.02,23/08/2021,4479.53,24/08/2021,25428.68,65.64,1806.3,3668736.114,7.72,5.69,74.1059,101.7115
25/08/2021,130202350,24/08/2021,130530700,16624.6,24/08/2021,7125.78,24/08/2021,4486.23,25/08/2021,25930.05,67.54,1808.5,3534294.341,7.93,5.698,74.1448,101.7992
26/08/2021,130152500,25/08/2021,130545100,16634.65,25/08/2021,7150.12,25/08/2021,4496.19,26/08/2021,25673.78,68.36,1791,3629971.176,8.19,5.685,74.1,101.9918
27/08/2021,130414500,26/08/2021,130356150,16636.9,26/08/2021,7124.98,26/08/2021,4470,27/08/2021,25337.55,67.42,1795.2,3490638.506,8.43,5.698,74.156,101.6093
30/08/2021,131075350,27/08/2021,130499750,16705.2,27/08/2021,7148.01,27/08/2021,4509.37,30/08/2021,25406.49,68.74,1819.5,3595414.454,8,5.683,73.4966,101.157
31/08/2021,132472750,30/08/2021,132722600,16931.05,27/08/2021,7148.01,30/08/2021,4528.79,31/08/2021,25524.23,69.21,1812.2,3449875.657,7.71,5.651,73.4112,100.9464
01/09/2021,133556900,31/08/2021,133665300,17132.2,31/08/2021,7119.7,31/08/2021,4522.68,01/09/2021,25871.82,68.5,1818.1,3449677.695,7.72,5.651,72.9967,100.4134
02/09/2021,132905800,01/09/2021,133052200,17076.25,01/09/2021,7149.84,01/09/2021,4524.09,02/09/2021,26203.52,68.59,1816,3564589.896,7.8,5.611,72.9851,100.5058
03/09/2021,133791650,02/09/2021,133593000,17234.15,02/09/2021,7163.9,02/09/2021,4536.95,03/09/2021,26022.67,69.99,1811.5,3604387.304,7.76,5.586,73.0543,101.0841
06/09/2021,133146150,03/09/2021,132852200,17323.6,03/09/2021,7138.35,03/09/2021,4535.43,06/09/2021,25827.17,69.29,1833.7,3777587.804,7.85,5.574,72.9945,101.1861
07/09/2021,132198050,06/09/2021,132358500,17377.8,06/09/2021,7187.18,03/09/2021,4535.43,07/09/2021,26207.22,69.29,1833.7,3849644.758,7.85,5.596,73.11,101.1732
08/09/2021,132264000,07/09/2021,132105750,17362.1,07/09/2021,7149.37,07/09/2021,4520.03,08/09/2021,26396.11,68.35,1798.5,3441645.973,8.19,5.631,73.3904,101.1433
09/09/2021,132376050,08/09/2021,132765900,17353.5,08/09/2021,7095.53,08/09/2021,4514.07,09/09/2021,26076.93,69.3,1793.5,3400063.042,8.06,5.614,73.789,101.6484
13/09/2021,131911000,09/09/2021,#N/A,17369.25,10/09/2021,7029.2,10/09/2021,4458.58,13/09/2021,25885.3,69.13,1792.1,3383313.045,8.16,5.609,73.5243,101.7588
14/09/2021,132124300,13/09/2021,131728400,17355.3,13/09/2021,7068.43,13/09/2021,4468.73,14/09/2021,25827.7,70.19,1794.4,3309729.663,8.05,5.626,73.5408,101.7701
15/09/2021,130959550,14/09/2021,131378700,17380,14/09/2021,7034.06,14/09/2021,4443.05,15/09/2021,25310.03,70.23,1807.1,3463715.571,7.79,5.636,73.6508,101.7136
16/09/2021,131429800,15/09/2021,131741450,17519.45,15/09/2021,7016.49,15/09/2021,4480.7,16/09/2021,25042.03,72.33,1794.8,3534946.604,8,5.599,73.438,101.6744
17/09/2021,132621400,16/09/2021,131939800,17629.5,16/09/2021,7027.48,16/09/2021,4473.75,17/09/2021,24589.17,72.37,1756.7,3516524.517,8.34,5.601,73.5649,101.4666
20/09/2021,131107500,17/09/2021,132238400,17585.15,17/09/2021,6963.64,17/09/2021,4432.99,20/09/2021,24640.43,71.82,1751.4,3482587.345,8.66,5.616,73.6961,101.1677
21/09/2021,129860250,20/09/2021,129758700,17396.9,20/09/2021,6903.91,20/09/2021,4357.73,21/09/2021,23867.16,70.14,1763.8,3168470.005,8.21,5.559,73.659,100.6149
22/09/2021,129781050,21/09/2021,129899150,17562,21/09/2021,6980.98,21/09/2021,4354.19,23/09/2021,24614.14,70.49,1778.2,3002118.584,8.29,5.586,73.7927,100.7899
23/09/2021,129861000,22/09/2021,129224550,17546.65,22/09/2021,7083.37,22/09/2021,4395.64,23/09/2021,24614.14,72.23,1778.8,3219117.048,8.72,5.594,73.8749,100.625
24/09/2021,131512000,23/09/2021,131067550,17822.95,23/09/2021,7078.35,23/09/2021,4448.98,24/09/2021,24487.24,73.3,1749.8,3313920.883,9.29,5.579,73.84,101.3474
27/09/2021,133572300,24/09/2021,132592900,17853.2,24/09/2021,7051.48,24/09/2021,4455.48,27/09/2021,24131.42,73.98,1751.7,3190831.754,9.57,5.649,73.8129,100.8559
28/09/2021,135014600,27/09/2021,134297500,17855.1,27/09/2021,7063.4,27/09/2021,4443.11,28/09/2021,24323,75.45,1752,3113348.946,9.83,5.688,73.8253,101.1051
29/09/2021,133205200,28/09/2021,134000200,17748.6,28/09/2021,7028.1,28/09/2021,4352.63,29/09/2021,24276.71,75.29,1737.5,3045858.376,10.23,5.675,74.1633,100.439
30/09/2021,133174300,29/09/2021,133543150,17711.3,29/09/2021,7108.16,29/09/2021,4359.46,30/09/2021,24494.26,74.83,1722.9,3086015.896,10.12,5.647,74.322,99.79878
01/10/2021,132699600,30/09/2021,133458100,17618.15,30/09/2021,7086.42,30/09/2021,4307.54,04/10/2021,24478.68,75.03,1757,3254165.483,9.97,5.66,74.2544,100.2786
04/10/2021,134136900,01/10/2021,133597700,17532.05,01/10/2021,7027.07,01/10/2021,4357.04,04/10/2021,24478.68,75.88,1758.4,3572237.554,9.31,5.787,74.1521,100.6435
05/10/2021,134313750,04/10/2021,#N/A,17691.25,04/10/2021,7011.01,04/10/2021,4300.46,05/10/2021,23771.65,77.62,1767.6,3667370.906,9.44,5.784,74.5728,101.4852
06/10/2021,135121500,05/10/2021,134698500,17822.3,05/10/2021,7077.1,05/10/2021,4345.72,06/10/2021,24259.2,78.93,1760.9,3839110.308,9.78,5.788,74.5632,101.6016
07/10/2021,135902650,06/10/2021,134885350,17646,06/10/2021,6995.87,06/10/2021,4363.55,07/10/2021,24339.32,77.43,1761.8,4137969.903,9.85,5.794,74.76,101.5667
08/10/2021,136852850,07/10/2021,136281750,17790.35,07/10/2021,7078.04,07/10/2021,4399.76,08/10/2021,25064.8,78.3,1759.2,4023996.693,10.19,5.839,74.83,101.916
11/10/2021,136064500,08/10/2021,135953150,17895.2,08/10/2021,7095.55,08/10/2021,4391.34,11/10/2021,25161.8,79.35,1757.4,4118525.527,10.48,5.805,75.3058,102.5427
12/10/2021,137539500,11/10/2021,138134750,17945.95,11/10/2021,7146.85,11/10/2021,4361.19,12/10/2021,24995.95,79.92,1755.7,4334713.799,10.6,5.814,75.4026,102.4978
13/10/2021,138190650,12/10/2021,137824750,17991.95,12/10/2021,7130.23,12/10/2021,4350.65,15/10/2021,25187.05,79.92,1759.3,4227670.982,10.74,5.825,75.4839,102.5367
14/10/2021,140295900,13/10/2021,140004350,18161.75,13/10/2021,7141.82,13/10/2021,4363.8,15/10/2021,25187.05,79.82,1794.7,4320833.796,10.87,5.781,75.3063,102.8598
18/10/2021,143744450,14/10/2021,141803350,18338.55,15/10/2021,7234.03,15/10/2021,4471.37,18/10/2021,25425.32,81.73,1768.3,4618263.666,11.22,5.78,75.00615,103.2467
19/10/2021,140684250,18/10/2021,140252150,18477.05,18/10/2021,7203.83,18/10/2021,4486.46,19/10/2021,25471.25,81.69,1765.7,4663764.632,11.62,5.846,75.23815,103.3299
20/10/2021,140559450,19/10/2021,140593200,18418.75,19/10/2021,7217.53,19/10/2021,4519.63,20/10/2021,26074.2,82.44,1770.5,4830257.795,11.57,-1,75.12065,103.6091
21/10/2021,139261600,20/10/2021,138725150,18266.6,20/10/2021,7223.1,20/10/2021,4536.19,21/10/2021,26141.85,83.42,1784.9,4938747.827,11.47,5.846,74.80945,103.4286
22/10/2021,139169350,21/10/2021,138692950,18178.1,21/10/2021,7190.3,21/10/2021,4549.78,22/10/2021,26114.84,82.5,1781.9,4657451.979,12.12,5.829,74.86565,103.2715
25/10/2021,138358250,22/10/2021,138103050,18114.9,22/10/2021,7204.55,22/10/2021,4544.9,25/10/2021,26020.78,83.76,1796.3,4562541.925,12.11,5.86,74.99395,103.1845
26/10/2021,136447800,25/10/2021,136700150,18125.4,25/10/2021,7222.82,25/10/2021,4566.48,26/10/2021,26234.94,83.76,1806.8,4730424.143,11.76,5.843,75.09015,103.3562
27/10/2021,137465050,26/10/2021,137221100,18268.4,26/10/2021,7277.62,26/10/2021,4574.79,27/10/2021,25795.17,84.65,1793.4,4526083.047,11.83,5.842,74.88915,103.0867
28/10/2021,138289900,27/10/2021,137979900,18210.95,27/10/2021,7253.27,27/10/2021,4551.68,28/10/2021,25648.42,82.66,1798.8,4387092.383,11.38,5.832,75.05025,103.0289
29/10/2021,134567600,28/10/2021,134787450,17857.25,28/10/2021,7249.47,28/10/2021,4596.42,29/10/2021,25466.86,82.81,1802.6,4533331.329,11.88,5.841,74.79745,103.2187
01/11/2021,134142050,29/10/2021,#N/A,17671.65,29/10/2021,7237.57,29/10/2021,4605.38,01/11/2021,25268.35,83.22,1785,4596386.999,11.88,5.864,74.92855,102.5936
02/11/2021,134984850,01/11/2021,134779550,17929.65,01/11/2021,7288.62,01/11/2021,4613.67,02/11/2021,25609.01,84.05,1795.8,4560866.322,11.98,5.872,74.83025,102.1845
03/11/2021,134636850,02/11/2021,134550400,17888.95,02/11/2021,7274.81,02/11/2021,4630.65,03/11/2021,25060.93,83.91,1789.4,4718242.954,11.49,5.851,74.71225,101.7261
04/11/2021,133999500,03/11/2021,132874800,17829.2,03/11/2021,7248.89,03/11/2021,4660.57,04/11/2021,25141.1,80.86,1763.9,4689370.37,11.85,5.841,74.43575,101.8989
08/11/2021,134432700,04/11/2021,134283300,17916.8,05/11/2021,7303.96,05/11/2021,4697.53,08/11/2021,24743.54,81.27,1816.8,4694249.935,10.54,-1,74.19135,100.148
09/11/2021,134364600,08/11/2021,134457500,18068.55,08/11/2021,7300.4,08/11/2021,4701.7,09/11/2021,24952.82,80.74,1828,4995249.609,11.2,5.803,73.91325,100.2515
10/11/2021,133918600,09/11/2021,133871450,18044.25,09/11/2021,7274.04,09/11/2021,4685.25,10/11/2021,24787.44,82.56,1830.8,4965129.496,10.68,5.8,74.17505,100.5807
11/11/2021,134388150,10/11/2021,134603450,18017.2,10/11/2021,7340.15,10/11/2021,4646.71,11/11/2021,24856.11,80.06,1848.3,4834593.669,12.14,5.813,74.40515,99.75001
12/11/2021,134262350,11/11/2021,133597600,17873.6,11/11/2021,7384.18,11/11/2021,4649.27,12/11/2021,25522.83,80.42,1863.9,4817641.617,12.21,5.857,74.32235,99.33084
15/11/2021,134466000,12/11/2021,134029350,18102.75,12/11/2021,7347.91,12/11/2021,4682.85,15/11/2021,25437.99,79.69,1868.5,4855665.247,12.36,5.837,74.345,99.70483
16/11/2021,134440500,15/11/2021,134412600,18109.45,15/11/2021,7351.86,15/11/2021,4682.8,16/11/2021,25446.65,79.75,1866.6,4751595.454,12.57,5.796,74.43535,99.84047
17/11/2021,133932400,16/11/2021,134531950,17999.2,16/11/2021,7326.97,16/11/2021,4700.9,17/11/2021,25667.81,79.74,1854.1,4475559.099,12.67,5.824,74.45875,99.97958
18/11/2021,132640650,17/11/2021,132840100,17898.65,17/11/2021,7291.2,17/11/2021,4688.67,18/11/2021,25369.88,77.55,1872.8,4484928.293,12.36,5.737,74.26005,100.1999
22/11/2021,132656650,18/11/2021,132239750,17764.8,19/11/2021,7223.57,19/11/2021,4697.96,22/11/2021,25057.06,75.94,1854.3,4359906.742,12.03,5.746,74.31085,99.92357
23/11/2021,128783300,22/11/2021,129660150,17416.55,22/11/2021,7255.46,22/11/2021,4682.94,23/11/2021,24688.99,76.75,1809.1,4198978.713,13.1,5.799,74.43005,99.69781
24/11/2021,130681500,23/11/2021,130162850,17503.35,23/11/2021,7266.69,23/11/2021,4690.7,24/11/2021,24672.1,78.5,1786.3,4285689.951,13.34,5.768,74.44725,99.58808
25/11/2021,129739950,24/11/2021,129912950,17415.05,24/11/2021,7286.32,24/11/2021,4701.46,25/11/2021,24699.69,78.39,1786.9,4265773.315,13.44,5.808,74.62525,99.4573
26/11/2021,128957400,25/11/2021,130467750,17536.25,25/11/2021,7310.37,24/11/2021,4701.46,26/11/2021,24502.68,78.39,1786.9,4394024.101,13.44,5.767,74.50605,99.21814
29/11/2021,127000400,26/11/2021,126980350,17026.45,26/11/2021,7044.03,26/11/2021,4594.62,29/11/2021,23910.49,68.15,1788.1,4293947.246,11.69,5.751,75.053,100.0682
30/11/2021,126731400,29/11/2021,127015150,17053.95,29/11/2021,7109.95,29/11/2021,4655.27,30/11/2021,23782.86,69.95,1785.2,4344117.026,11.85,5.734,75.05515,99.89719
01/12/2021,126698250,30/11/2021,#N/A,16983.2,30/11/2021,7059.45,30/11/2021,4567,01/12/2021,23595.57,66.18,1776.5,4278613.545,11.5,5.693,75.08025,99.76056
02/12/2021,127260300,01/12/2021,127043700,17166.9,01/12/2021,7168.68,01/12/2021,4513.04,02/12/2021,23524.05,65.57,1784.3,4289545.318,11.55,5.72,75.01815,99.5992
03/12/2021,128912400,02/12/2021,128718550,17401.65,02/12/2021,7129.21,02/12/2021,4577.1,03/12/2021,23675.26,66.5,1762.7,4235044.708,12.08,5.709,74.98375,99.72467
06/12/2021,127706500,03/12/2021,127723000,17196.7,03/12/2021,7122.32,03/12/2021,4538.43,06/12/2021,23420.44,66.26,1783.9,3710173.413,11.24,5.725,75.2415,99.85179
07/12/2021,127208350,06/12/2021,126380000,16912.25,06/12/2021,7232.28,06/12/2021,4591.67,07/12/2021,23704.51,69.49,1779.5,3811563.054,12.13,5.713,75.39155,99.95705
08/12/2021,128761100,07/12/2021,127948050,17176.7,07/12/2021,7339.9,07/12/2021,4686.75,08/12/2021,24090.02,72.05,1784.7,3815986.765,12.57,5.741,75.40835,99.88554
09/12/2021,129956900,08/12/2021,129895700,17469.75,08/12/2021,7337.05,08/12/2021,4701.21,09/12/2021,24168.41,72.36,1785.5,3808361.948,12.61,5.694,75.38385,99.54725
10/12/2021,129298550,09/12/2021,129549100,17516.85,09/12/2021,7321.26,09/12/2021,4667.45,10/12/2021,24070.56,70.79,1776.7,3615490.776,12.57,5.701,75.59945,99.96569
13/12/2021,130189250,10/12/2021,129687050,17511.3,10/12/2021,7291.78,10/12/2021,4712.02,13/12/2021,24242.26,71.48,1784.8,3797172.051,12.52,5.706,75.7175,100.4961
14/12/2021,127962050,13/12/2021,128710450,17368.25,13/12/2021,7231.44,13/12/2021,4668.97,14/12/2021,23693.73,71.06,1788.3,3549698.346,12.13,5.715,75.82865,100.1814
15/12/2021,128262850,14/12/2021,128191050,17324.9,14/12/2021,7218.64,14/12/2021,4634.09,15/12/2021,23658.04,70.52,1772.3,3680010.773,12.34,5.713,76.04585,100.6124
16/12/2021,129451050,15/12/2021,128454800,17221.4,15/12/2021,7170.75,15/12/2021,4709.85,16/12/2021,23287.93,70.66,1764.5,3725583.646,12.61,5.732,76.21165,101.1103
17/12/2021,127719600,16/12/2021,128137150,17248.4,16/12/2021,7260.61,16/12/2021,4668.67,17/12/2021,23463.78,72.15,1798.2,3628189.837,11.73,5.734,76.16775,101.4745
20/12/2021,124628500,17/12/2021,126079800,16985.2,17/12/2021,7269.92,17/12/2021,4620.64,20/12/2021,23079.83,70.72,1804.9,3549108.321,11.77,5.76,76.0135,100.7415
21/12/2021,124231700,20/12/2021,123155750,16614.2,20/12/2021,7198.03,20/12/2021,4568.02,21/12/2021,22795.57,68.61,1794.6,3554291.746,11.64,5.795,75.75895,100.0662
22/12/2021,126050100,21/12/2021,125218000,16770.85,21/12/2021,7297.41,21/12/2021,4649.23,22/12/2021,23221.13,71.12,1788.7,3705224.813,12.35,5.826,75.68665,100.4015
23/12/2021,127274150,22/12/2021,126580550,16955.45,22/12/2021,7341.66,22/12/2021,4696.56,23/12/2021,23141.79,72.76,1802.2,3672009.084,12.22,5.822,75.46475,100.7459
24/12/2021,126954300,23/12/2021,126699300,17072.6,23/12/2021,7373.34,23/12/2021,4725.79,24/12/2021,23375.99,73.79,1814,3811477.354,12.43,5.819,75.06765,100.6525
27/12/2021,125241950,24/12/2021,125873600,17003.75,24/12/2021,7372.1,23/12/2021,4725.79,28/12/2021,23282.35,73.79,1814,3830194.171,12.43,5.853,75.395,100.8692
28/12/2021,127543600,27/12/2021,126759950,17086.25,24/12/2021,7372.1,27/12/2021,4791.19,28/12/2021,23282.35,75.57,1808.8,3802841.04,12.52,5.858,74.98055,100.6613
29/12/2021,128320550,28/12/2021,128357850,17233.25,24/12/2021,7372.1,28/12/2021,4786.35,29/12/2021,23253.98,75.98,1810.9,3559137.704,12.45,5.872,74.71545,100.3975
30/12/2021,128605000,29/12/2021,128255850,17213.6,29/12/2021,7420.69,29/12/2021,4793.06,30/12/2021,23130.45,76.56,1805.8,3465382.943,12.94,5.865,74.57055,100.4783
31/12/2021,128283550,30/12/2021,128076450,17203.95,30/12/2021,7403.01,30/12/2021,4778.73,31/12/2021,23553.79,76.99,1814.1,3507358.786,12.74,5.874,74.43145,100.4574
03/01/2022,129907700,31/12/2021,129533450,17354.05,31/12/2021,7384.54,31/12/2021,4766.18,03/01/2022,23510.54,75.21,1828.6,3524440.05,12.63,5.862,74.51405,100.7936
04/01/2022,131831250,03/01/2022,131436400,17625.7,31/12/2021,7384.54,03/01/2022,4796.56,04/01/2022,23400.62,76.08,1800.1,3454928.897,13.65,5.872,74.40275,100.2999
05/01/2022,131827000,04/01/2022,131496500,17805.25,04/01/2022,7505.15,04/01/2022,4793.54,05/01/2022,23323.77,76.99,1814.6,3414798.083,13.75,5.939,74.53515,100.8407
06/01/2022,132415500,05/01/2022,133359000,17925.25,05/01/2022,7516.87,05/01/2022,4700.58,06/01/2022,22843.2,77.85,1825.1,3239461.895,14.33,5.93,74.43035,100.9058
07/01/2022,132429600,06/01/2022,132396950,17745.9,06/01/2022,7450.37,06/01/2022,4696.05,07/01/2022,23318.92,79.46,1789.2,3206269.566,14.77,5.94,74.41955,100.7196
10/01/2022,133491900,07/01/2022,132858900,17812.7,07/01/2022,7485.28,07/01/2022,4677.03,10/01/2022,23523.9,78.44,1797.4,3109642.393,15.05,5.988,74.2775,100.9139
11/01/2022,134035250,10/01/2022,133759400,18003.3,10/01/2022,7445.25,10/01/2022,4670.29,11/01/2022,23678.69,77.7,1798.8,3097288.961,15.38,6.032,74.05725,100.5621
12/01/2022,134495500,11/01/2022,133923800,18055.75,10/01/2022,7445.25,11/01/2022,4713.07,12/01/2022,24069.52,80.67,1818.5,3151599.916,15.07,6.008,73.81695,100.6463
13/01/2022,134607600,12/01/2022,134631500,18212.35,12/01/2022,7551.72,12/01/2022,4726.35,13/01/2022,24561.48,82.02,1827.3,3241400.29,14.93,6.018,73.79935,101.1645
14/01/2022,134391800,13/01/2022,134643050,18257.8,13/01/2022,7563.85,13/01/2022,4659.03,14/01/2022,24185.86,81.62,1821.4,3149869.535,14.81,5.967,73.97255,101.431
17/01/2022,134026700,14/01/2022,134585000,18255.75,14/01/2022,7542.95,14/01/2022,4662.85,17/01/2022,24390.29,83.3,1816.5,3206035.834,15.48,5.97,74.3865,101.4344
18/01/2022,134431450,17/01/2022,133896900,18308.1,17/01/2022,7611.23,14/01/2022,4662.85,18/01/2022,24274.75,83.3,1816.5,3134615.344,15.48,6.035,74.25535,101.3188
19/01/2022,134135650,18/01/2022,133476350,18113.05,18/01/2022,7563.55,18/01/2022,4577.11,19/01/2022,24229.78,84.83,1812.4,3161612.184,16.48,6.057,74.61965,101.4604
20/01/2022,133927300,19/01/2022,133255450,17938.4,19/01/2022,7589.66,19/01/2022,4532.76,20/01/2022,24263.15,85.8,1845.5,3105226.999,16.11,6.057,74.44945,101.3329
21/01/2022,130820100,20/01/2022,131592300,17757,20/01/2022,7585.01,20/01/2022,4482.73,21/01/2022,24897.59,85.55,1844.9,3024755.353,16.18,6.053,74.45245,101.204
24/01/2022,130325450,21/01/2022,131246850,17617.15,21/01/2022,7494.13,21/01/2022,4397.94,24/01/2022,24693.43,85.14,1834.1,2699825.085,15.47,6.058,74.42045,100.8594
25/01/2022,126314950,#N/A,#N/A,17149.1,24/01/2022,7297.15,24/01/2022,4410.13,25/01/2022,24251.52,83.31,1844.2,2739585.302,15.14,6.073,74.64505,100.6822
27/01/2022,127380350,25/01/2022,129390000,17277.95,26/01/2022,7469.78,26/01/2022,4349.93,27/01/2022,23952.01,87.35,1832,2759453.041,16.5,6.049,74.9025,101.3946
28/01/2022,128939650,27/01/2022,128403200,17110.15,27/01/2022,7554.31,27/01/2022,4326.51,28/01/2022,23818.94,86.61,1795,2796915.308,16.62,6.12,75.20955,100.8251
31/01/2022,129822450,28/01/2022,128820000,17101.95,28/01/2022,7466.07,28/01/2022,4431.85,31/01/2022,23624.14,86.82,1786.6,2844359.91,16.24,6.12,75.0465,100.5998
01/02/2022,131799900,#N/A,#N/A,17339.85,31/01/2022,7464.37,31/01/2022,4515.55,04/02/2022,24392.86,88.15,1796.4,2869796.322,16.14,6.03,74.55585,100.2574
02/02/2022,132729550,01/02/2022,131845350,17576.85,01/02/2022,7535.78,01/02/2022,4546.54,04/02/2022,24392.86,88.2,1801.5,2898592.077,16.24,6.131,74.74875,101.0957
03/02/2022,133390050,02/02/2022,133500300,17780,02/02/2022,7583,02/02/2022,4589.38,04/02/2022,24392.86,88.26,1810.3,2757955.396,16,6.227,74.82265,101.5318
04/02/2022,132980100,03/02/2022,132281100,17560.2,03/02/2022,7528.84,03/02/2022,4477.44,04/02/2022,24392.86,90.27,1804.1,2767648.329,16.61,6.24,74.64415,101.5203
07/02/2022,131852750,04/02/2022,132307700,17516.3,04/02/2022,7516.4,04/02/2022,4500.53,07/02/2022,24609.43,92.31,1807.8,3165966.98,17.88,6.194,74.64245,100.9755
08/02/2022,129231000,07/02/2022,128881400,17213.6,07/02/2022,7573.47,07/02/2022,4483.87,08/02/2022,24548.05,91.32,1821.8,3278887.131,17.65,-1,74.65675,101.0427
09/02/2022,129437750,08/02/2022,128692150,17266.75,08/02/2022,7567.07,08/02/2022,4521.54,09/02/2022,24727.34,89.36,1827.9,3296347.556,18.08,6.122,74.69545,101.1834
10/02/2022,131330200,09/02/2022,130311350,17463.8,09/02/2022,7643.42,09/02/2022,4587.18,10/02/2022,25050.59,89.66,1836.6,3317007.787,18.02,6.095,74.80915,101.2568
11/02/2022,130665000,10/02/2022,131899100,17605.85,10/02/2022,7672.4,10/02/2022,4504.08,11/02/2022,24837.2,88.56,1837.4,3287230.539,19.44,5.92,75.53865,102.3824
14/02/2022,128445200,11/02/2022,130646450,17374.75,11/02/2022,7661.02,11/02/2022,4418.64,14/02/2022,24725.1,91.42,1842.1,3170288.137,18.68,5.877,75.3485,102.559
15/02/2022,127017050,14/02/2022,126738500,16842.8,14/02/2022,7531.59,14/02/2022,4401.67,15/02/2022,24458.5,93.5,1869.4,3220318.447,19.18,5.855,75.68565,102.4075
16/02/2022,131095750,15/02/2022,130243050,17352.45,15/02/2022,7608.92,15/02/2022,4471.07,16/02/2022,24618.3,90.21,1856.2,3352188.565,19.35,5.884,75.175,102.074
17/02/2022,130504800,16/02/2022,130241550,17322.2,16/02/2022,7603.78,16/02/2022,4475.01,17/02/2022,24722.88,91.83,1871.5,3301134.811,19.2,5.926,75.0495,102.1815
18/02/2022,129017450,17/02/2022,129517850,17304.6,17/02/2022,7537.37,17/02/2022,4380.26,18/02/2022,24633.66,90.04,1902,3043823.507,18.48,5.919,75.0705,102.2129
21/02/2022,128712000,18/02/2022,129424900,17276.3,18/02/2022,7513.62,18/02/2022,4348.87,21/02/2022,24109.59,90.21,1899.8,2867059.431,18.24,5.902,74.6844,101.5072
22/02/2022,126126000,21/02/2022,128615400,17206.65,21/02/2022,7484.33,18/02/2022,4348.87,22/02/2022,23692.54,90.21,1899.8,2759120.563,18.24,5.934,74.5245,101.832
23/02/2022,128814300,22/02/2022,127840150,17092.2,22/02/2022,7494.21,22/02/2022,4304.76,23/02/2022,23617.97,91.91,1907.4,2854721.107,18.66,5.993,74.6305,101.4143
24/02/2022,123483300,23/02/2022,127409200,17063.25,23/02/2022,7498.18,23/02/2022,4225.5,24/02/2022,23268.03,92.1,1910.4,2784195.146,18.93,5.998,74.6405,101.1853
25/02/2022,122460850,24/02/2022,120602500,16247.95,24/02/2022,7207.01,24/02/2022,4288.7,25/02/2022,22908.1,92.81,1926.3,2891714.289,18.5,6.046,75.40855,100.9003
28/02/2022,121648000,25/02/2022,123312100,16658.4,25/02/2022,7489.46,25/02/2022,4384.65,28/02/2022,22818.17,91.59,1887.6,2831622.633,18.85,6.011,75.0755,100.6663
02/03/2022,119894200,28/02/2022,121928750,16793.9,01/03/2022,7330.2,01/03/2022,4306.26,02/03/2022,22568.36,103.41,1943.8,3365992.854,15.49,6.047,75.80365,101.0368
03/03/2022,120335900,02/03/2022,119085200,16605.95,02/03/2022,7429.56,02/03/2022,4386.54,03/03/2022,22434.26,110.6,1922.3,3321770.621,17.52,6.097,75.6385,101.3049
04/03/2022,117873950,03/03/2022,118799650,16498.05,03/03/2022,7238.85,03/03/2022,4363.49,04/03/2022,21879.13,107.67,1935.9,3222706.121,17.37,6.112,75.89195,101.2954
07/03/2022,115004450,04/03/2022,117973650,16245.35,04/03/2022,6987.14,04/03/2022,4328.87,07/03/2022,21308.9,115.68,1966.6,2935350.604,16.31,6.113,76.4255,101.1631
08/03/2022,113663900,07/03/2022,114630950,15863.15,07/03/2022,6959.48,07/03/2022,4201.09,08/03/2022,21082.39,119.4,1995.9,2928925.737,16.91,6.208,77.08105,101.0345
09/03/2022,116545950,08/03/2022,115993750,16013.45,08/03/2022,6964.11,08/03/2022,4170.7,09/03/2022,20820.02,123.7,2043.3,2980392.722,18.06,6.216,76.91475,100.7104
10/03/2022,122338850,09/03/2022,119006500,16345.35,09/03/2022,7190.72,09/03/2022,4277.88,10/03/2022,21106.57,86.17,1988.2,3196161.21,18.8,6.169,76.13515,100.3568
11/03/2022,119883650,10/03/2022,#N/A,16594.9,10/03/2022,7099.09,10/03/2022,4259.52,11/03/2022,20460.03,86.81,2000.4,3009207.335,19.41,6.131,76.31055,99.8971
14/03/2022,121843550,11/03/2022,120970000,16630.45,11/03/2022,7155.64,11/03/2022,4204.31,14/03/2022,20203.84,106.3,1985,2903232.517,19.6,6.172,76.7592,100.0736
15/03/2022,123210000,14/03/2022,123116650,16871.3,14/03/2022,7193.47,14/03/2022,4173.11,15/03/2022,18931.18,101.18,1960.8,3029973.989,20.92,6.155,76.49035,99.49893
16/03/2022,124707750,15/03/2022,123049850,16663,15/03/2022,7175.7,15/03/2022,4262.45,16/03/2022,18956.02,94.79,1929.7,2996611.432,21.14,6.112,76.26615,99.47394
17/03/2022,126469200,16/03/2022,124871050,16975.35,16/03/2022,7291.68,16/03/2022,4357.86,17/03/2022,21430.71,93.59,1909.2,3126383.867,21.98,6.08,76.02445,99.96725
21/03/2022,127844300,17/03/2022,127397550,17287.05,18/03/2022,7404.73,18/03/2022,4463.12,21/03/2022,21823.07,103.09,1933.9,3135222.01,21.43,6.025,75.94665,100.1203
22/03/2022,127159300,21/03/2022,127450650,17117.6,21/03/2022,7442.39,21/03/2022,4461.18,22/03/2022,21319.19,109.97,1934.8,3129951.99,23.4,6.04,76.30735,100.476
23/03/2022,128501950,22/03/2022,127645000,17315.5,22/03/2022,7476.72,22/03/2022,4511.61,23/03/2022,22088.79,109.27,1926.7,3224326.332,23.86,6.103,76.10215,100.9659
24/03/2022,125685400,23/03/2022,126624850,17245.65,23/03/2022,7460.63,23/03/2022,4456.24,24/03/2022,22002.87,114.93,1942.6,3287209.067,23.4,6.089,76.55265,101.0873
25/03/2022,125882850,#N/A,#N/A,17222.75,24/03/2022,7467.38,24/03/2022,4520.16,25/03/2022,21735.61,112.34,1967.7,3357474.13,23.73,6.094,76.32375,100.6915
28/03/2022,124358400,25/03/2022,124239850,17153,25/03/2022,7483.35,25/03/2022,4543.06,28/03/2022,21422.2,113.9,1959.8,3576069.846,25.73,6.082,76.27875,100.4699
29/03/2022,124720550,28/03/2022,#N/A,17222,28/03/2022,7473.14,28/03/2022,4575.52,29/03/2022,21771.29,105.96,1944.7,3572907.33,25.65,6.112,76.03435,99.56429
30/03/2022,126704600,29/03/2022,125548600,17325.3,29/03/2022,7537.25,29/03/2022,4631.6,30/03/2022,22101.63,104.24,1918,3590707.011,24.85,6.097,75.66695,99.12536
31/03/2022,127366050,30/03/2022,127457300,17498.25,30/03/2022,7578.75,30/03/2022,4602.45,31/03/2022,22262.16,107.82,1939,3569832.937,24.48,6.044,75.82805,99.62222
01/04/2022,127863500,31/03/2022,127456900,17464.75,31/03/2022,7515.68,31/03/2022,4530.41,01/04/2022,21693.1,100.28,1954,3456035.803,24.22,6.101,75.90945,99.75342
04/04/2022,132826550,01/04/2022,129675250,17670.45,01/04/2022,7537.9,01/04/2022,4545.86,04/04/2022,22227.11,99.27,1923.7,3527903.007,25.49,6.162,75.99505,99.58662
05/04/2022,138025550,04/04/2022,#N/A,18053.4,04/04/2022,7558.92,04/04/2022,4582.64,06/04/2022,22220.21,103.28,1934,3515246.283,25.55,6.165,75.43965,98.95629
06/04/2022,134480500,05/04/2022,135385600,17957.4,05/04/2022,7613.72,05/04/2022,4525.12,06/04/2022,22220.21,101.96,1927.5,3436707.776,26.96,6.186,75.45095,98.66231
07/04/2022,132031900,06/04/2022,132573600,17807.65,06/04/2022,7587.7,06/04/2022,4481.15,07/04/2022,21910.4,96.23,1923.1,3278583.543,27.02,6.171,75.94535,99.26186
08/04/2022,131584350,07/04/2022,131582100,17639.55,07/04/2022,7551.81,07/04/2022,4500.21,08/04/2022,21667.53,91.19,1937.8,3298598.82,26.91,-1,75.91345,99.22749
11/04/2022,131875600,08/04/2022,132375350,17784.35,08/04/2022,7669.56,08/04/2022,4488.28,11/04/2022,21688.03,92.99,1945.6,3210211.56,27.56,6.465,75.91755,98.95777
12/04/2022,130865350,11/04/2022,131747250,17674.95,11/04/2022,7618.31,11/04/2022,4412.53,12/04/2022,21279.18,90.58,1948.2,2992924.654,27.85,6.538,75.83725,98.75607
13/04/2022,131184950,12/04/2022,#N/A,17530.3,12/04/2022,7576.66,12/04/2022,4397.45,13/04/2022,21192.62,100.15,1976.1,3052543.289,26.76,6.596,76.15005,99.00646
18/04/2022,128063950,13/04/2022,130425600,17475.65,14/04/2022,7616.38,14/04/2022,4392.59,19/04/2022,21106,106.38,1974.9,3029206.263,27.86,6.677,76.33165,99.66789
19/04/2022,126741650,18/04/2022,127153350,17173.65,14/04/2022,7616.38,18/04/2022,4391.69,19/04/2022,21106,107.61,1986.4,3112387.292,27.96,6.594,76.28045,99.2603
20/04/2022,124945150,19/04/2022,124324750,16958.65,19/04/2022,7601.28,19/04/2022,4462.21,20/04/2022,20972.84,102.05,1959,3175001.892,28.89,6.589,76.44565,99.42567
21/04/2022,126604500,20/04/2022,125809450,17136.55,20/04/2022,7629.22,20/04/2022,4459.45,21/04/2022,20780.86,102.19,1955.6,3156136.437,28.6,6.53,76.27645,99.63784
22/04/2022,126927400,21/04/2022,127841700,17392.6,21/04/2022,7627.95,21/04/2022,4393.66,22/04/2022,20261.61,103.79,1948.2,3091612.803,29.79,6.603,76.28545,99.4083
25/04/2022,125345250,22/04/2022,126553200,17171.95,22/04/2022,7521.68,22/04/2022,4271.78,25/04/2022,20284.6,102.07,1934.3,3017917.163,29.49,6.652,76.46375,98.11536
26/04/2022,126114200,25/04/2022,125399650,16953.95,25/04/2022,7380.54,25/04/2022,4296.12,26/04/2022,19989.04,98.54,1896,3094733.119,28.59,6.553,76.52805,97.51234
27/04/2022,126273150,26/04/2022,127458650,17200.8,26/04/2022,7386.19,26/04/2022,4175.2,27/04/2022,19723.46,101.7,1904.1,2926816.984,27.97,6.58,76.79435,96.58532
28/04/2022,127408750,27/04/2022,126649150,17038.4,27/04/2022,7425.61,27/04/2022,4183.96,28/04/2022,20118.79,102.02,1888.7,3001627.782,28.15,6.607,76.47245,95.89818
29/04/2022,128205150,28/04/2022,127456250,17245.05,28/04/2022,7509.19,28/04/2022,4287.5,29/04/2022,20271.4,105.36,1891.3,3043901.88,28.8,6.67,76.58925,95.43326
02/05/2022,126442150,29/04/2022,127901150,17102.55,29/04/2022,7544.55,29/04/2022,4131.93,03/05/2022,20927.62,104.69,1911.7,2943975.711,29.12,6.683,76.52335,96.29333
04/05/2022,128378000,02/05/2022,128636400,17069.1,03/05/2022,7561.33,03/05/2022,4175.48,04/05/2022,21025.7,102.41,1870.6,2884028.635,30.03,6.823,76.45725,95.53736
05/05/2022,126583600,04/05/2022,125135050,16677.6,04/05/2022,7493.45,04/05/2022,4300.17,05/05/2022,21163.15,107.81,1868.8,3014955.388,28.96,7.137,76.00185,96.01338
06/05/2022,122829400,05/05/2022,124651400,16682.65,05/05/2022,7503.27,05/05/2022,4146.87,06/05/2022,20287.06,97.31,1875.7,2796831.198,30.24,7.181,76.54205,94.65114
09/05/2022,120557100,06/05/2022,122285450,16411.25,06/05/2022,7387.94,06/05/2022,4123.34,10/05/2022,19300.68,98.73,1882.8,2618710.621,30.43,7.273,76.95775,94.87253
10/05/2022,122332250,09/05/2022,122303200,16301.85,09/05/2022,7216.58,09/05/2022,3991.24,10/05/2022,19300.68,93.53,1858.6,2327022.501,29.83,7.273,77.36575,95.4488
11/05/2022,123582700,10/05/2022,123022900,16240.05,10/05/2022,7243.22,10/05/2022,4001.05,11/05/2022,19511.8,90.95,1841,2395753.418,29.18,7.175,77.27165,95.1773
12/05/2022,121826200,11/05/2022,123353500,16167.1,11/05/2022,7347.66,11/05/2022,3935.18,12/05/2022,19556.89,95.4,1853.7,2244320.212,28.79,7.103,77.41865,94.82464
13/05/2022,121271900,12/05/2022,120083050,15808,12/05/2022,7233.34,12/05/2022,3930.08,13/05/2022,19615.99,95.19,1824.6,2241377.95,27.82,7.127,77.44405,94.50262
16/05/2022,122014250,13/05/2022,121425300,15782.15,13/05/2022,7418.15,13/05/2022,4023.89,16/05/2022,20131.53,97.85,1808.2,2423833.524,28.88,7.072,77.48655,94.93865
17/05/2022,123273050,16/05/2022,122809100,15842.3,16/05/2022,7464.8,16/05/2022,4008.01,17/05/2022,20193.6,98.99,1814,2321720.596,28.2,-1,77.80565,95.89432
18/05/2022,124587250,17/05/2022,124078800,16259.3,17/05/2022,7518.35,17/05/2022,4088.85,18/05/2022,20674.23,109.63,1818.9,2353064.769,29.46,7.165,77.37265,96.6954
19/05/2022,122255850,18/05/2022,124496350,16240.3,18/05/2022,7438.09,18/05/2022,3923.68,19/05/2022,20146.96,107.04,1822.4,2232989.817,28.91,7.15,77.82025,96.06433
20/05/2022,122736800,19/05/2022,121718750,15809.4,19/05/2022,7302.74,19/05/2022,3900.79,20/05/2022,20470.95,109.89,1847.8,2347539.206,28.47,7.162,77.42135,96.55897
23/05/2022,123863400,20/05/2022,123770950,16266.15,20/05/2022,7389.98,20/05/2022,3901.36,23/05/2022,20608.65,110.28,1848.4,2354854.603,28.06,7.177,77.81865,97.32745
24/05/2022,123672000,23/05/2022,123581750,16214.7,23/05/2022,7513.44,23/05/2022,3973.75,24/05/2022,20420.14,110.29,1853.9,2255440.196,28.75,7.158,77.52705,97.44116
25/05/2022,125134600,24/05/2022,124268150,16125.15,24/05/2022,7484.35,24/05/2022,3941.48,25/05/2022,20115.56,109.77,1871.4,2296943.916,27.57,7.077,77.47905,97.18022
26/05/2022,124547150,25/05/2022,123685050,16025.8,25/05/2022,7522.75,25/05/2022,3978.73,26/05/2022,20272.22,110.33,1852.5,2286441.216,27.21,7.104,77.49755,97.56362
27/05/2022,125856950,26/05/2022,125196950,16170.15,26/05/2022,7564.92,26/05/2022,4057.84,27/05/2022,20646.06,114.09,1853.9,2276217.95,27.16,7.104,77.63045,97.94185
30/05/2022,128546400,27/05/2022,127155550,16352.45,27/05/2022,7585.46,27/05/2022,4158.24,30/05/2022,20933.5,115.07,1857.3,2287819.224,27.24,7.141,77.69225,98.09504
31/05/2022,128191000,30/05/2022,128910700,16661.4,30/05/2022,7600.06,27/05/2022,4158.24,31/05/2022,21106.41,115.07,1857.3,2457854.573,27.24,7.171,77.52115,98.1068
01/06/2022,128064400,31/05/2022,128113800,16584.55,31/05/2022,7607.66,31/05/2022,4132.15,01/06/2022,21407.79,114.67,1848.4,2466414.562,28.11,7.21,77.59925,97.81029
02/06/2022,127656900,01/06/2022,128204850,16522.75,01/06/2022,7532.95,01/06/2022,4101.23,02/06/2022,21057.04,115.26,1848.7,2311136.926,29.38,7.191,77.58435,96.86308
03/06/2022,129140100,02/06/2022,128090100,16628,01/06/2022,7532.95,02/06/2022,4176.82,06/06/2022,21282.51,116.87,1871.4,2354368.575,29.09,7.23,77.3799,97.31022
06/06/2022,127271950,03/06/2022,#N/A,16584.3,01/06/2022,7532.95,03/06/2022,4108.54,06/06/2022,21282.51,118.87,1850.2,2323032.977,29.51,7.29,77.69445,97.08772
07/06/2022,126617100,06/06/2022,127559900,16569.55,06/06/2022,7608.22,06/06/2022,4121.43,07/06/2022,21577.48,118.5,1843.7,2439719.533,30.35,7.337,77.82125,97.4567
08/06/2022,126719900,07/06/2022,125991550,16416.35,07/06/2022,7598.93,07/06/2022,4160.68,08/06/2022,21788.89,119.41,1852.1,2419314.937,29.84,7.35,77.67085,98.10626
09/06/2022,125520050,08/06/2022,126008400,16356.25,08/06/2022,7593,08/06/2022,4115.77,09/06/2022,22121.53,122.11,1856.5,2345493.745,30.32,7.291,77.72455,97.47604
10/06/2022,125526500,09/06/2022,127141600,16478.1,09/06/2022,7476.21,09/06/2022,4017.82,10/06/2022,21522.5,109.51,1852.8,2340762.888,30.63,7.271,77.81895,97.261
13/06/2022,123123300,10/06/2022,125065150,16201.8,10/06/2022,7317.52,10/06/2022,3900.86,13/06/2022,21162.53,108.22,1875.5,2076012.806,32.5,7.304,78.17785,96.12129
14/06/2022,121624650,13/06/2022,122610600,15774.4,13/06/2022,7205.81,13/06/2022,3749.63,14/06/2022,20783.54,108.1,1831.8,1758173.608,34.75,7.398,78.16085,94.86318
15/06/2022,121814300,14/06/2022,121970150,15732.1,14/06/2022,7187.46,14/06/2022,3735.48,15/06/2022,21111.32,106.36,1813.5,1725060.387,35.96,7.379,77.98575,93.54663
16/06/2022,122483600,15/06/2022,121838800,15692.15,15/06/2022,7273.41,15/06/2022,3789.99,16/06/2022,21515.64,104.31,1819.6,1757613.323,34.72,7.394,77.90045,94.85124
17/06/2022,118888800,16/06/2022,119514650,15360.6,16/06/2022,7044.98,16/06/2022,3666.77,17/06/2022,20716.74,106.04,1849.9,1588403.043,33.77,7.404,77.97795,96.34995
20/06/2022,119746500,17/06/2022,118715200,15293.5,17/06/2022,7016.25,17/06/2022,3674.84,20/06/2022,20948.8,107.99,1840.6,1602299.015,33.4,7.35,77.96165,95.26746
21/06/2022,120788250,20/06/2022,120063000,15350.15,20/06/2022,7121.81,17/06/2022,3674.84,21/06/2022,21264.98,107.99,1840.6,1601767.053,33.4,7.253,77.93425,95.46395
22/06/2022,121150250,21/06/2022,121601900,15638.8,21/06/2022,7152.05,21/06/2022,3764.79,22/06/2022,21469.74,109.52,1838.8,1617155.386,33.79,7.28,78.13515,95.93874
23/06/2022,120046150,22/06/2022,120066150,15413.3,22/06/2022,7089.22,22/06/2022,3759.89,23/06/2022,21157.58,106.19,1838.4,1561615.031,32.27,7.221,78.19335,95.91093
24/06/2022,122586450,23/06/2022,122117250,15556.65,23/06/2022,7020.45,23/06/2022,3795.73,24/06/2022,21450.68,104.27,1829.8,1649153.742,31.33,7.221,78.14265,95.77618
27/06/2022,125725600,24/06/2022,124328000,15699.25,24/06/2022,7208.81,24/06/2022,3911.74,27/06/2022,21976.8,107.62,1830.3,1645486.796,31.75,7.239,78.25255,96.20486
28/06/2022,124578600,27/06/2022,125248450,15832.05,27/06/2022,7258.32,27/06/2022,3900.11,28/06/2022,22144.63,109.57,1824.8,1625587.16,32.58,7.229,78.44135,96.20805
29/06/2022,124136200,28/06/2022,125217400,15850.2,28/06/2022,7323.41,28/06/2022,3821.55,29/06/2022,22125.61,111.76,1821.2,1602573.703,32.6,7.282,79.07345,96.33452
30/06/2022,124318300,29/06/2022,124762250,15799.1,29/06/2022,7312.32,29/06/2022,3818.83,30/06/2022,21917.45,109.78,1817.5,1585348.014,31.51,7.269,78.89855,95.64403
01/07/2022,123750100,30/06/2022,124015650,15780.25,30/06/2022,7169.28,30/06/2022,3785.38,04/07/2022,21690.68,105.76,1807.3,1578127.929,30.04,7.255,78.96325,96.15129
04/07/2022,124886400,01/07/2022,125080700,15752.05,01/07/2022,7168.65,01/07/2022,3825.33,04/07/2022,21690.68,97.3,1801.5,1523066.461,28.84,7.208,78.95095,95.6031
05/07/2022,125997950,04/07/2022,125431900,15835.35,04/07/2022,7232.65,01/07/2022,3825.33,05/07/2022,22053.16,97.3,1801.5,1597385.311,28.84,7.158,78.93975,95.6369
06/07/2022,125400750,05/07/2022,125512550,15810.85,05/07/2022,7025.47,05/07/2022,3831.39,06/07/2022,21777.64,88.46,1763.9,1600818.049,28.15,7.17,79.36865,94.90112
07/07/2022,128614350,06/07/2022,127624900,15989.8,06/07/2022,7107.77,06/07/2022,3845.08,07/07/2022,21352.7,87.14,1736.5,1623709.12,29.51,7.093,79.04415,94.24401
08/07/2022,131637400,07/07/2022,129671900,16132.9,07/07/2022,7189.08,07/07/2022,3902.62,08/07/2022,21961.75,90.9,1739.7,1714693.565,30.54,7.148,79.22185,95.25214
11/07/2022,129677250,08/07/2022,129988400,16220.6,08/07/2022,7196.24,08/07/2022,3899.38,11/07/2022,21470.77,93.28,1742.3,1653945.905,31.42,7.174,79.33165,95.37489
12/07/2022,130961650,11/07/2022,131202300,16216,11/07/2022,7196.59,11/07/2022,3854.43,12/07/2022,20905.07,93.41,1731.7,1584983.064,30.5,7.216,79.47805,94.54166
13/07/2022,130068200,12/07/2022,129798550,16058.3,12/07/2022,7209.86,12/07/2022,3818.8,13/07/2022,20911.53,93.31,1724.8,1534018.559,30.16,7.179,79.47665,94.42756
14/07/2022,128810700,13/07/2022,128507100,15966.65,13/07/2022,7156.37,13/07/2022,3801.78,14/07/2022,20818.27,93.83,1735.5,1609985.683,30.19,7.097,79.80775,94.67988
15/07/2022,128803150,14/07/2022,128525850,15938.65,14/07/2022,7039.81,14/07/2022,3790.38,15/07/2022,20522.11,92.83,1705.8,1641779.666,30.63,7.149,79.87835,94.46379
18/07/2022,129589200,15/07/2022,129615900,16049.2,15/07/2022,7159.01,15/07/2022,3863.16,18/07/2022,20479.58,94.57,1703.6,1657410.336,30.51,7.197,79.72075,94.70891
19/07/2022,128292850,18/07/2022,128956950,16278.5,18/07/2022,7223.24,18/07/2022,3830.85,19/07/2022,20719.2,99.42,1710.2,1796061.609,30.7,7.2,80.03055,95.63796
20/07/2022,130533400,19/07/2022,129400400,16340.55,19/07/2022,7296.28,19/07/2022,3936.69,20/07/2022,20968.42,100.74,1728.1,1868234.629,31.5,7.185,79.85615,95.84408
21/07/2022,129587850,20/07/2022,129683300,16520.85,20/07/2022,7264.31,20/07/2022,3959.9,21/07/2022,20811.6,99.88,1717.7,1858236.778,31.78,7.198,80.00365,95.75614
22/07/2022,130695050,21/07/2022,130143100,16605.25,21/07/2022,7270.51,21/07/2022,3998.95,22/07/2022,20717.47,96.35,1731.3,1846881.693,30.1,7.191,79.77615,95.67925
25/07/2022,132422900,22/07/2022,132269750,16719.45,22/07/2022,7276.37,22/07/2022,3961.63,25/07/2022,20516.34,94.7,1745.3,1805572.789,28.73,7.148,79.87705,95.76952
26/07/2022,131259350,25/07/2022,131309200,16631,25/07/2022,7306.3,25/07/2022,3966.84,26/07/2022,20676.68,96.7,1737.1,1698907.747,29,7.128,79.72275,96.05763
27/07/2022,130273100,26/07/2022,130687150,16483.85,26/07/2022,7306.28,26/07/2022,3921.05,27/07/2022,20684.48,94.98,1735.7,1694395.251,28.85,7.144,79.84145,96.13004
28/07/2022,132429050,27/07/2022,131722500,16641.8,27/07/2022,7348.23,27/07/2022,4023.61,28/07/2022,20705.46,97.26,1737.5,1832471.628,27.97,7.121,79.84765,97.05319
29/07/2022,134158600,28/07/2022,132733050,16929.6,28/07/2022,7345.25,28/07/2022,4072.43,29/07/2022,20647.45,96.42,1769.2,1897921.509,27.03,7.101,79.57175,96.90528
01/08/2022,136071700,29/07/2022,135143750,17158.25,29/07/2022,7423.43,29/07/2022,4130.29,01/08/2022,20026.6,98.62,1781.8,1845814.869,26.95,7.074,79.19505,96.36896
02/08/2022,137149900,01/08/2022,137376500,17340.05,01/08/2022,7413.42,01/08/2022,4118.63,02/08/2022,19943.16,93.89,1787.7,1837604.989,26.68,6.949,78.95595,96.75439
03/08/2022,136420850,02/08/2022,136517300,17345.45,02/08/2022,7409.11,02/08/2022,4091.19,03/08/2022,19865.69,94.42,1789.7,1807414.04,28.62,6.934,78.60475,95.6782
04/08/2022,136741500,03/08/2022,136030100,17388.15,03/08/2022,7445.68,03/08/2022,4155.17,04/08/2022,20011.25,90.66,1776.4,1805880.903,28.72,6.984,79.11855,96.0541
05/08/2022,137013100,04/08/2022,136494700,17382,04/08/2022,7448.06,04/08/2022,4151.94,05/08/2022,20283.59,88.54,1806.9,1790798.198,27.74,6.88,79.15515,96.23726
08/08/2022,136465400,05/08/2022,136117850,17397.5,05/08/2022,7439.74,05/08/2022,4145.19,08/08/2022,20065.35,89.01,1791.2,1840529.093,29.76,7.015,79.41085,95.78247
10/08/2022,138711950,08/08/2022,138523050,17525.1,09/08/2022,7488.15,09/08/2022,4122.47,10/08/2022,19956.51,90.5,1812.3,1842317.368,29.8,7.054,79.57865,96.09998
11/08/2022,140206150,10/08/2022,138866250,17534.75,10/08/2022,7507.11,10/08/2022,4210.24,11/08/2022,19840.57,91.93,1813.7,1894311.289,29.23,7.007,79.09805,96.58508
12/08/2022,139965350,11/08/2022,140013750,17659,11/08/2022,7465.91,11/08/2022,4207.27,12/08/2022,20158.29,91.79,1807.2,1906092.527,29.88,6.968,79.61425,97.10111
16/08/2022,140997300,12/08/2022,139953600,17698.15,15/08/2022,7509.15,15/08/2022,4297.14,16/08/2022,20107.14,88.85,1798.1,1917055.898,29.13,6.962,79.55315,95.90957
17/08/2022,141829000,16/08/2022,141696450,17825.25,16/08/2022,7536.06,16/08/2022,4305.2,17/08/2022,19995.77,86.16,1789.7,1888473.267,29.58,-1,79.15505,95.74937
18/08/2022,141263350,17/08/2022,141907900,17944.25,17/08/2022,7515.75,17/08/2022,4274.04,18/08/2022,19991.94,87.69,1776.7,1852348.528,30.48,6.872,79.35995,95.58835
19/08/2022,141815750,18/08/2022,141666500,17956.5,18/08/2022,7541.85,18/08/2022,4283.74,19/08/2022,19656.8,90.11,1771.2,1849747.71,30.31,6.935,79.76695,95.19163
22/08/2022,139203050,#N/A,#N/A,17758.45,19/08/2022,7550.37,19/08/2022,4228.48,22/08/2022,19572.42,90.44,1762.9,1719071.373,31.16,6.968,79.91815,94.41902
23/08/2022,136050550,22/08/2022,137330200,17490.7,22/08/2022,7533.79,22/08/2022,4137.99,23/08/2022,19644.23,90.36,1748.4,1709374.878,31.79,6.978,79.88405,93.95988
24/08/2022,138511300,23/08/2022,138634850,17577.5,23/08/2022,7488.11,23/08/2022,4128.73,24/08/2022,19542.24,93.74,1761.2,1718082.931,31.81,6.992,79.85475,94.47026
25/08/2022,139556500,24/08/2022,138855450,17604.95,24/08/2022,7471.51,24/08/2022,4140.77,25/08/2022,19418.46,94.89,1761.5,1705159.222,32.31,7.012,79.79705,94.13503
26/08/2022,139334850,25/08/2022,138340400,17522.45,25/08/2022,7479.74,25/08/2022,4199.12,26/08/2022,20138.69,92.52,1771.4,1724797.033,31.57,7.036,79.88315,94.55641
29/08/2022,136262000,26/08/2022,138566350,17558.9,26/08/2022,7427.31,26/08/2022,4057.66,29/08/2022,19960.29,93.06,1749.8,1564908.426,31.95,6.991,79.95935,93.5044
30/08/2022,138081000,29/08/2022,137386800,17312.9,26/08/2022,7427.31,29/08/2022,4030.61,30/08/2022,20062.73,97.01,1749.7,1621400.194,32.63,7.03,79.96805,93.62419
01/09/2022,139173700,30/08/2022,141050950,17759.3,31/08/2022,7284.15,31/08/2022,3955,01/09/2022,19761.72,89.55,1726.2,1594815.264,32.84,6.986,79.54905,92.40745
02/09/2022,140083700,01/09/2022,139785750,17542.8,01/09/2022,7148.5,01/09/2022,3966.85,02/09/2022,19572.47,86.61,1709.3,1605979.689,34.06,6.998,79.71705,92.01265
05/09/2022,140167650,02/09/2022,140132600,17539.45,02/09/2022,7281.19,02/09/2022,3924.26,05/09/2022,19299.09,86.87,1722.6,1593083.871,32.98,7.057,79.72475,91.52718
06/09/2022,141210800,05/09/2022,140711600,17665.8,05/09/2022,7287.43,02/09/2022,3924.26,06/09/2022,19261.7,86.87,1722.6,1579413.052,32.98,7.037,79.7905,92.1902
07/09/2022,138850750,06/09/2022,140254950,17655.6,06/09/2022,7300.44,06/09/2022,3908.19,07/09/2022,18915.87,86.88,1712.9,1503251.215,34.43,7.014,79.89515,92.02296
08/09/2022,141142900,07/09/2022,140223250,17624.4,07/09/2022,7237.83,07/09/2022,3979.87,08/09/2022,19043.84,81.25,1727.8,1536728.239,33.6,7.036,79.65005,91.75833
09/09/2022,141932500,08/09/2022,141473600,17798.75,08/09/2022,7262.06,08/09/2022,4006.18,09/09/2022,18893.65,82.46,1720.2,1540655.875,33.97,6.984,79.70655,91.71927
12/09/2022,141379500,09/09/2022,141046500,17833.35,09/09/2022,7351.07,09/09/2022,4067.36,13/09/2022,19404.64,85.75,1728.6,1735291.118,34.46,6.954,79.65605,92.52487
13/09/2022,141763000,12/09/2022,141081200,17936.35,12/09/2022,7473.03,12/09/2022,4110.41,13/09/2022,19404.64,86.86,1740.6,1777770.644,34.58,6.993,79.35555,92.72784
14/09/2022,140471500,13/09/2022,141992100,18070.05,13/09/2022,7385.86,13/09/2022,3932.69,14/09/2022,18933.3,86.25,1717.4,1605840.178,35.89,6.966,79.60265,91.51916
15/09/2022,142492400,14/09/2022,142201750,18003.75,14/09/2022,7277.3,14/09/2022,3946.01,15/09/2022,18833.9,87.36,1709.1,1607170.664,35.95,7.043,79.45395,91.73316
16/09/2022,140698850,15/09/2022,141513300,17877.4,15/09/2022,7282.07,15/09/2022,3901.35,16/09/2022,18732.44,83.9,1677.3,1573319.652,36.74,7.14,79.84935,91.53673
19/09/2022,138105700,16/09/2022,137841550,17530.85,16/09/2022,7236.68,16/09/2022,3873.33,19/09/2022,18695.35,84.07,1683.5,1547383.689,36.26,7.189,79.68975,91.08181
20/09/2022,140520800,19/09/2022,139573850,17622.25,16/09/2022,7236.68,19/09/2022,3899.89,20/09/2022,18700.68,85.36,1678.2,1559800.959,36.93,7.202,79.70775,91.16109
21/09/2022,141594450,20/09/2022,141932250,17816.25,20/09/2022,7192.66,20/09/2022,3855.93,21/09/2022,18638.85,83.94,1671.1,1505764.97,37.5,7.232,79.76295,90.75441
22/09/2022,140513300,21/09/2022,141763600,17718.35,21/09/2022,7237.64,21/09/2022,3789.93,22/09/2022,18080.93,82.94,1675.7,1478140.791,37.13,7.189,80.05095,90.27365
23/09/2022,139503750,#N/A,#N/A,17629.8,22/09/2022,7159.52,22/09/2022,3757.99,23/09/2022,18055.59,83.49,1681.1,1575229.847,39.29,7.295,81.06245,91.22748
26/09/2022,135703550,23/09/2022,137340450,17327.35,23/09/2022,7018.6,23/09/2022,3693.23,26/09/2022,17781.87,78.74,1655.6,1528009.34,39.84,7.366,81.25505,87.96359
27/09/2022,135131950,26/09/2022,134565600,17016.3,26/09/2022,7020.95,26/09/2022,3655.04,27/09/2022,17838.65,76.71,1633.4,1570415.226,41.59,7.363,81.61605,87.23852
28/09/2022,133424000,27/09/2022,134008450,17007.4,27/09/2022,6984.59,27/09/2022,3647.29,28/09/2022,17703.39,78.5,1636.2,1560446.113,42.1,7.297,81.72485,87.57277
29/09/2022,134127550,28/09/2022,133253350,16858.6,28/09/2022,7005.39,28/09/2022,3719.04,29/09/2022,17570.17,82.15,1670,1579314.485,39.22,7.34,81.42895,88.47323
30/09/2022,133613250,29/09/2022,133712150,16818.1,29/09/2022,6881.59,29/09/2022,3640.47,30/09/2022,17165.93,81.23,1668.6,1596405.405,39.79,7.31,81.48085,90.67772
03/10/2022,135987250,30/09/2022,136387600,17094.35,30/09/2022,6893.81,30/09/2022,3585.62,03/10/2022,17050.25,79.49,1672,1553776.286,40.41,7.317,81.52155,90.80601
04/10/2022,136858600,03/10/2022,135100750,16887.35,03/10/2022,6908.76,03/10/2022,3678.43,05/10/2022,17811.97,82.7,1702,1600036.99,38.83,7.389,81.49525,92.31674
06/10/2022,138120450,04/10/2022,137713100,17274.3,05/10/2022,7052.62,05/10/2022,3783.28,06/10/2022,18100.48,86.84,1720.8,1646877.668,39.59,7.272,81.64905,92.58916
07/10/2022,136247650,06/10/2022,136480150,17331.8,06/10/2022,6997.27,06/10/2022,3744.52,07/10/2022,17851.62,87.59,1720.8,1644296.936,40.6,7.338,82.3565,91.89252
10/10/2022,133991950,07/10/2022,135605450,17314.65,07/10/2022,6991.09,07/10/2022,3639.66,10/10/2022,17449.36,91.35,1709.3,1610438.72,41.35,7.396,82.83255,91.70399
11/10/2022,134423350,10/10/2022,134684300,17241,10/10/2022,6959.31,10/10/2022,3612.39,11/10/2022,17194.73,89.84,1675.2,1577520.498,41.49,7.445,82.42095,91.15827
12/10/2022,133555600,11/10/2022,133262300,16983.55,11/10/2022,6885.23,11/10/2022,3588.84,12/10/2022,16758.27,87.97,1686,1566812.457,41.69,7.394,82.27415,90.37374
13/10/2022,134528100,12/10/2022,134675850,17123.6,12/10/2022,6826.15,12/10/2022,3577.03,13/10/2022,16700.65,86.06,1677.5,1574455.368,41.12,7.407,82.20025,91.25334
14/10/2022,136033500,13/10/2022,134079950,17014.35,13/10/2022,6850.27,13/10/2022,3669.91,14/10/2022,16671.68,87.95,1677,1592772.673,42.07,7.368,82.19235,93.05802
17/10/2022,135812700,14/10/2022,136045800,17185.7,14/10/2022,6858.79,14/10/2022,3583.07,17/10/2022,16479.74,84.65,1648.9,1588181.886,42.69,7.425,82.41305,92.57633
18/10/2022,137305250,17/10/2022,136454500,17311.8,17/10/2022,6920.24,17/10/2022,3677.95,18/10/2022,16860.2,84.53,1664,1607198.954,42.39,7.315,82.19495,93.36066
19/10/2022,137959100,18/10/2022,136897300,17486.95,18/10/2022,6936.74,18/10/2022,3719.98,19/10/2022,16805.91,82.07,1655.8,1590617.401,42.15,7.356,82.28665,93.22158
20/10/2022,136219400,19/10/2022,137224600,17512.25,19/10/2022,6924.99,19/10/2022,3695.16,20/10/2022,16230.79,84.52,1634.2,1587596.297,43.5,7.376,82.99725,93.07354
21/10/2022,137827500,20/10/2022,137607750,17563.95,20/10/2022,6943.91,20/10/2022,3665.78,21/10/2022,16331.11,84.51,1636.8,1577072.348,44.48,7.394,82.82595,92.93386
25/10/2022,138742400,21/10/2022,136884250,17576.3,24/10/2022,7013.99,24/10/2022,3797.34,25/10/2022,15242.1,84.58,1654.1,1599817.732,43.59,7.436,82.76175,93.56877
27/10/2022,139178700,25/10/2022,138171400,17656.35,26/10/2022,7056.07,26/10/2022,3830.6,27/10/2022,15721.27,87.91,1669.2,1704618.453,41.94,7.335,82.04985,95.38433
28/10/2022,139256700,27/10/2022,139449300,17736.95,27/10/2022,7073.69,27/10/2022,3807.3,28/10/2022,15424.94,89.08,1665.6,1673109.657,40.88,7.32,82.44275,95.35064
31/10/2022,140556000,28/10/2022,139639950,17786.8,28/10/2022,7047.67,28/10/2022,3901.06,31/10/2022,14830.69,87.9,1644.8,1697710.453,41.9,7.34,82.2877,95.59269
01/11/2022,143868650,31/10/2022,143030300,18012.2,31/10/2022,7094.53,31/10/2022,3871.98,01/11/2022,14859.92,86.53,1640.7,1695279.518,42.48,7.377,82.72925,94.91521
02/11/2022,144418550,01/11/2022,144176150,18145.4,01/11/2022,7186.16,01/11/2022,3856.1,02/11/2022,15389.55,88.37,1649.7,1693485.177,42.58,7.325,82.68365,94.97094
03/11/2022,143277450,02/11/2022,144449950,18082.85,02/11/2022,7144.14,02/11/2022,3759.69,03/11/2022,15477.74,90,1650,1670264.319,42.49,7.325,82.88865,94.37114
04/11/2022,143691300,03/11/2022,143757300,18052.7,03/11/2022,7188.63,03/11/2022,3719.89,04/11/2022,15442.76,88.17,1630.9,1670921.548,43.5,7.423,82.68205,92.3151
07/11/2022,144386050,04/11/2022,143469350,18117.15,04/11/2022,7334.84,04/11/2022,3770.55,07/11/2022,16031.79,92.61,1676.6,1713917.946,43.26,7.421,81.9825,93.27559
09/11/2022,144593850,07/11/2022,144189550,18202.8,08/11/2022,7306.14,08/11/2022,3828.11,09/11/2022,16552.8,88.91,1716,1506098.511,43.06,7.387,81.40545,93.97703
10/11/2022,142947950,09/11/2022,143497850,18157,09/11/2022,7296.25,09/11/2022,3748.57,10/11/2022,16138.22,85.83,1713.7,1281754.464,42.85,7.348,81.34405,92.48374
11/11/2022,144734900,10/11/2022,143426300,18028.2,10/11/2022,7375.34,10/11/2022,3956.37,11/11/2022,17120.05,86.47,1753.7,1412221.736,39.43,7.273,80.48315,94.25889
14/11/2022,147942900,11/11/2022,147339600,18349.7,11/11/2022,7318.04,11/11/2022,3992.93,14/11/2022,17999.26,88.16,1769.4,1312328.005,39.38,7.201,80.5045,95.14247
15/11/2022,148507800,14/11/2022,147842100,18329.15,14/11/2022,7385.17,14/11/2022,3957.25,15/11/2022,17665.8,85.16,1776.9,1343718.122,39.97,7.178,80.99225,95.18187
16/11/2022,148033800,15/11/2022,148277950,18403.4,15/11/2022,7369.44,15/11/2022,3991.73,16/11/2022,18169.21,86.25,1776.8,1368546.202,39.22,7.121,81.07165,96.16536
17/11/2022,148028550,16/11/2022,148757450,18409.65,16/11/2022,7351.19,16/11/2022,3958.79,17/11/2022,18071.6,85,1775.8,1356509.728,38.5,7.144,81.49555,97.07601
18/11/2022,147430350,17/11/2022,147365400,18343.9,17/11/2022,7346.54,17/11/2022,3946.56,18/11/2022,18316.36,81.4,1777.8,1359872.112,39.37,7.141,81.52515,96.71135
21/11/2022,145593250,18/11/2022,146283150,18307.65,18/11/2022,7385.52,18/11/2022,3965.34,21/11/2022,17654.15,80.11,1769,1324906.237,40,7.175,81.52015,96.87172
22/11/2022,145330450,21/11/2022,145087800,18159.95,21/11/2022,7376.85,21/11/2022,3949.94,22/11/2022,17625.19,80.04,1754.6,1288039.088,40.08,7.185,81.72785,96.64332
23/11/2022,146376450,22/11/2022,145565900,18244.2,22/11/2022,7452.84,22/11/2022,4003.58,23/11/2022,17460.9,80.95,1754.8,1319466.514,39.38,7.165,81.71235,97.1297
24/11/2022,146747850,23/11/2022,146144600,18267.25,23/11/2022,7465.24,23/11/2022,4027.26,24/11/2022,17684.53,77.94,1760.4,1355167.433,38.92,7.175,81.63315,98.38464
25/11/2022,148837400,24/11/2022,148383200,18484.1,24/11/2022,7466.6,23/11/2022,4027.26,25/11/2022,17673.2,77.94,1760.4,1354299.783,38.92,7.11,81.65565,99.11596
28/11/2022,147461650,25/11/2022,148180100,18512.75,25/11/2022,7486.67,25/11/2022,4026.12,28/11/2022,17000.23,76.28,1768.8,1341094.081,38.7,7.156,81.66995,98.73925
29/11/2022,147229250,28/11/2022,147172400,18562.75,28/11/2022,7474.02,28/11/2022,3963.94,29/11/2022,17558.6,77.24,1755.3,1323245.143,38.96,7.123,81.65055,97.64016
30/11/2022,147839450,29/11/2022,147581900,18618.05,29/11/2022,7512,29/11/2022,3957.63,30/11/2022,18141.56,78.2,1763.7,1341395.709,39.2,7.138,81.63115,97.55604
01/12/2022,150412350,30/11/2022,149533650,18758.35,30/11/2022,7573.05,30/11/2022,4080.11,01/12/2022,19058.9,80.55,1759.9,1396292.732,38.32,7.13,81.30555,98.16844
02/12/2022,148989100,01/12/2022,149511250,18812.5,01/12/2022,7558.49,01/12/2022,4076.57,02/12/2022,18785.28,81.22,1815.2,1376385.292,36.8,7.068,81.16245,99.58594
05/12/2022,148691250,02/12/2022,148332450,18696.1,02/12/2022,7556.23,02/12/2022,4071.7,05/12/2022,19221.68,79.98,1809.6,1394885.699,36.66,7.078,81.42275,100.0116
06/12/2022,148015500,05/12/2022,148851450,18701.05,05/12/2022,7567.54,05/12/2022,3998.84,06/12/2022,19211.7,76.93,1781.3,1389412.586,37.93,7.083,81.89925,99.86283
07/12/2022,148715500,06/12/2022,148478250,18642.75,06/12/2022,7521.39,06/12/2022,3941.26,07/12/2022,19380.8,74.25,1782.4,1407563.951,37.33,7.104,82.37245,99.92555
08/12/2022,148349000,07/12/2022,148169000,18560.5,07/12/2022,7489.19,07/12/2022,3933.92,08/12/2022,18965.05,72.01,1798,1385243.629,36.14,7.138,82.25375,100.399
09/12/2022,148510950,08/12/2022,148008000,18609.35,08/12/2022,7472.17,08/12/2022,3963.51,09/12/2022,19484.23,71.46,1801.5,1419583.806,37.1,7.174,82.27945,100.6646
12/12/2022,148307200,09/12/2022,148603000,18496.6,09/12/2022,7476.63,09/12/2022,3934.38,12/12/2022,19594.52,71.02,1810.7,1408170.726,37.57,7.18,82.4205,101.0634
13/12/2022,149133600,12/12/2022,148839650,18497.15,12/12/2022,7445.97,12/12/2022,3990.56,13/12/2022,19458.02,73.41,1792.3,1422691.491,38.02,7.169,82.64495,101.3883
14/12/2022,149706500,13/12/2022,149273850,18608,13/12/2022,7502.89,13/12/2022,4019.65,14/12/2022,19775.33,75.39,1825.5,1464552.316,36.47,7.132,82.40275,101.8396
15/12/2022,150267700,14/12/2022,150478450,18660.3,14/12/2022,7495.93,14/12/2022,3995.32,15/12/2022,19612.67,77.31,1818.7,1469117.147,36.54,7.104,82.50825,102.5252
16/12/2022,148273800,15/12/2022,149175950,18414.9,15/12/2022,7426.17,15/12/2022,3895.75,16/12/2022,19343.7,76.15,1787.8,1437605.474,36.26,7.124,82.85815,100.9477
19/12/2022,148575100,16/12/2022,148483050,18269,16/12/2022,7332.12,16/12/2022,3852.36,19/12/2022,19472.21,74.46,1800.2,1385049.796,36.17,7.149,82.7335,100.4778
20/12/2022,148379850,19/12/2022,149572350,18420.45,19/12/2022,7361.31,19/12/2022,3817.66,20/12/2022,19156.94,75.38,1797.7,1357625.771,37.11,7.174,82.58215,100.3462
21/12/2022,148989350,20/12/2022,148285800,18385.3,20/12/2022,7370.62,20/12/2022,3821.62,21/12/2022,19190.91,76.23,1825.4,1397187.613,37.84,7.184,82.63715,100.7273
22/12/2022,148086250,21/12/2022,147594650,18199.1,21/12/2022,7497.32,21/12/2022,3878.44,22/12/2022,19537.45,78.29,1825.4,1392638.18,37.75,7.168,82.87885,100.1103
23/12/2022,144741650,22/12/2022,146358000,18127.35,22/12/2022,7469.28,22/12/2022,3822.39,23/12/2022,19382.23,77.49,1795.3,1393597.053,37.87,7.205,82.87525,99.77568
26/12/2022,145020100,23/12/2022,144735000,17806.8,23/12/2022,7473.01,23/12/2022,3844.82,28/12/2022,19787.94,79.56,1804.2,1390148.606,38.62,7.228,82.60435,99.56387
27/12/2022,147121450,26/12/2022,146667150,18014.6,23/12/2022,7473.01,23/12/2022,3844.82,28/12/2022,19787.94,79.56,1804.2,1402547.201,38.62,7.233,82.90315,100.1956
28/12/2022,146269850,27/12/2022,#N/A,18132.3,23/12/2022,7473.01,27/12/2022,3829.25,28/12/2022,19787.94,79.53,1823.1,1382273.991,39.63,7.217,82.77635,99.55681
29/12/2022,146742050,28/12/2022,147184450,18122.5,28/12/2022,7497.19,28/12/2022,3783.22,29/12/2022,19648.4,78.96,1815.8,1370338.923,39.79,7.236,82.8525,99.56438
30/12/2022,148314500,29/12/2022,147888850,18191,29/12/2022,7512.72,29/12/2022,3849.28,30/12/2022,20030.85,78.4,1826,1377854.236,39.55,7.212,82.8356,99.91026
02/01/2023,146833150,30/12/2022,146748050,18105.3,30/12/2022,7451.74,30/12/2022,3839.5,03/01/2023,19570.43,80.26,1826.2,1374072.855,40,7.227,82.75005,100.1179
03/01/2023,146988800,02/01/2023,147344700,18197.45,30/12/2022,7451.74,30/12/2022,3839.5,03/01/2023,19570.43,80.26,1826.2,1379192.883,40,7.24,82.70625,99.73107
04/01/2023,147625500,03/01/2023,147719850,18232.55,03/01/2023,7554.09,03/01/2023,3824.14,04/01/2023,20319.98,76.93,1846.1,1379992.114,39.45,7.235,82.78595,99.08374
05/01/2023,146406550,04/01/2023,145885200,18042.95,04/01/2023,7585.19,04/01/2023,3852.97,05/01/2023,21295.87,72.84,1859,1392471.803,38.75,7.229,82.66675,99.6786
06/01/2023,146630550,05/01/2023,146485200,17992.15,05/01/2023,7633.45,05/01/2023,3808.1,06/01/2023,21220.89,73.67,1840.6,1390393.992,39.1,7.229,82.64545,98.43647
09/01/2023,146844850,06/01/2023,146330200,17859.45,06/01/2023,7699.49,06/01/2023,3895.08,09/01/2023,21295.94,73.77,1869.7,1404205.521,37.12,7.277,82.27365,99.49634
10/01/2023,147978150,09/01/2023,147824150,18101.2,09/01/2023,7724.94,09/01/2023,3892.09,10/01/2023,21370.42,74.63,1877.8,1411687.552,36.51,7.215,82.18045,100.1409
11/01/2023,146396200,10/01/2023,146369950,17914.15,10/01/2023,7694.49,10/01/2023,3919.25,11/01/2023,21463.82,75.37,1876.5,1423654.487,37.34,7.173,81.63765,99.23306
12/01/2023,147519550,11/01/2023,147400400,17895.7,11/01/2023,7724.98,11/01/2023,3969.61,12/01/2023,21599.82,77.68,1878.9,1464209.591,36.7,7.151,81.63205,99.21573
13/01/2023,148403650,12/01/2023,148235800,17858.2,12/01/2023,7794.04,12/01/2023,3983.17,13/01/2023,21605.07,78.65,1898.8,1528847.206,35.46,7.143,81.11585,99.08257
16/01/2023,149314600,13/01/2023,148492950,17956.6,13/01/2023,7844.07,13/01/2023,3999.09,16/01/2023,21818.65,80.11,1921.7,1695908.157,36.14,7.132,81.2855,99.41974
17/01/2023,147911050,16/01/2023,147608350,17894.85,16/01/2023,7860.07,13/01/2023,3999.09,17/01/2023,21678.05,80.11,1921.7,1728190.735,36.14,7.169,81.65285,99.61564
18/01/2023,148779150,17/01/2023,148891600,18053.3,17/01/2023,7851.03,17/01/2023,3990.97,18/01/2023,21514.8,80.45,1909.9,1724549.532,36.07,7.18,81.52665,100.158
19/01/2023,150430800,18/01/2023,150600850,18165.35,18/01/2023,7830.7,18/01/2023,3928.86,19/01/2023,21452.26,79.8,1907,1683629.319,34.33,7.155,81.43625,100.5481
20/01/2023,151385050,19/01/2023,151149850,18107.85,19/01/2023,7747.29,19/01/2023,3898.85,20/01/2023,21812.46,80.61,1923.9,1712865.214,34.85,7.123,81.24005,100.6492
23/01/2023,152023200,20/01/2023,151444000,18027.65,20/01/2023,7770.59,20/01/2023,3972.61,26/01/2023,22386.37,81.64,1944.9,1839359.323,35.67,7.168,80.97625,100.3022
24/01/2023,153113450,23/01/2023,152839300,18118.55,23/01/2023,7784.67,23/01/2023,4019.81,26/01/2023,22386.37,81.62,1945.4,1869896.869,36.25,7.157,81.48835,100.8958
25/01/2023,153088000,24/01/2023,153533250,18118.3,24/01/2023,7757.36,24/01/2023,4016.95,26/01/2023,22386.37,80.13,1952.2,1847154.427,35.84,7.152,81.60215,100.6462
27/01/2023,150380850,25/01/2023,#N/A,17891.95,26/01/2023,7761.11,26/01/2023,4060.43,27/01/2023,22614.92,81.01,1946.7,1874505.452,35.88,7.156,81.44535,101.1271
30/01/2023,148736200,27/01/2023,149608400,17604.35,27/01/2023,7765.15,27/01/2023,4070.56,30/01/2023,22579.88,79.68,1945.6,1938756.5,36.21,7.204,81.5155,100.9232
31/01/2023,150730950,30/01/2023,#N/A,17648.95,30/01/2023,7784.87,30/01/2023,4017.77,31/01/2023,22190.27,77.9,1939.2,1862711.406,36.83,7.258,81.58015,100.7535
01/02/2023,-1,31/01/2023,150473550,17662.15,31/01/2023,7771.7,31/01/2023,4076.6,01/02/2023,21920.8,78.87,1945.3,1892985.131,36.38,7.215,81.76865,100.6704
02/02/2023,-1,01/02/2023,150484700,17616.3,01/02/2023,7761.11,01/02/2023,4119.21,02/02/2023,21958.36,76.41,1942.8,1936956.758,34.95,7.232,81.71055,101.2309
03/02/2023,-1,02/02/2023,148510850,17610.4,02/02/2023,7820.16,02/02/2023,4179.76,03/02/2023,21811.08,75.88,1930.8,1927580.537,34.83,7.156,82.04635,100.3189
06/02/2023,-1,03/02/2023,152526450,17854.05,03/02/2023,7901.8,03/02/2023,4136.48,06/02/2023,21349.17,73.39,1876.6,1886132.226,36.66,7.156,82.2335,99.40501
07/02/2023,-1,06/02/2023,151852450,17764.6,06/02/2023,7836.71,06/02/2023,4111.08,07/02/2023,21288.39,74.11,1879.5,1883840.511,38.14,7.214,82.75525,99.49183
08/02/2023,-1,07/02/2023,151344350,17721.5,07/02/2023,7864.71,07/02/2023,4164,08/02/2023,21283.9,77.14,1884.8,1923415.744,38.44,7.209,82.74215,99.70441
09/02/2023,-1,08/02/2023,151869550,17871.7,08/02/2023,7885.17,08/02/2023,4117.86,09/02/2023,21154.25,78.47,1890.7,1897107.39,38.18,7.271,82.65975,99.77723
10/02/2023,-1,09/02/2023,151461900,17893.45,09/02/2023,7911.15,09/02/2023,4081.5,10/02/2023,21559.44,78.35,1878.5,1799278.73,38.82,7.281,82.53345,100.0448
13/02/2023,-1,10/02/2023,151784300,17856.5,10/02/2023,7882.45,10/02/2023,4090.46,13/02/2023,20910.08,79.95,1874.5,1798105.19,39.24,7.315,82.5205,99.52695
14/02/2023,-1,13/02/2023,151664250,17770.9,13/02/2023,7947.6,13/02/2023,4137.29,14/02/2023,21235.92,80.36,1863.5,1803470.129,39.26,7.33,82.59765,100.267
15/02/2023,-1,14/02/2023,153015100,17929.85,14/02/2023,7953.85,14/02/2023,4136.13,15/02/2023,21116.84,79.24,1865.4,1840155.623,40.03,7.323,82.86675,100.9001
16/02/2023,-1,15/02/2023,153191750,18015.85,15/02/2023,7997.83,15/02/2023,4147.6,16/02/2023,20947.07,78.83,1845.3,2013082.688,40.4,7.325,82.7411,99.5779
17/02/2023,-1,16/02/2023,152646550,18035.85,16/02/2023,8012.53,16/02/2023,4090.41,17/02/2023,20958.63,78.74,1851.8,1944676.823,40.48,7.32,82.69555,99.02693
20/02/2023,-1,17/02/2023,151583150,17944.2,17/02/2023,8004.36,17/02/2023,4079.09,20/02/2023,20681.47,76.55,1850.2,2014239.143,40.36,7.346,82.7655,99.54955
21/02/2023,-1,20/02/2023,150566800,17844.6,20/02/2023,8014.31,17/02/2023,4079.09,21/02/2023,20859.5,76.55,1850.2,2051663.365,40.36,7.325,82.69735,99.56993
22/02/2023,-1,21/02/2023,150616250,17826.7,21/02/2023,7977.75,21/02/2023,3997.34,22/02/2023,20512.49,76.36,1842.5,2026327.042,41.75,7.351,82.86145,100.3798
23/02/2023,-1,22/02/2023,148148450,17554.3,22/02/2023,7930.63,22/02/2023,3991.05,23/02/2023,20339.15,73.95,1841.5,2003750.536,41.51,7.413,82.83555,99.90231
24/02/2023,-1,23/02/2023,147780050,17511.25,23/02/2023,7907.72,23/02/2023,4012.32,24/02/2023,20223.67,75.39,1826.8,1978828.619,41.05,7.393,82.61815,99.28825
27/02/2023,-1,24/02/2023,146136750,17465.8,24/02/2023,7878.66,24/02/2023,3970.04,27/02/2023,19821.03,76.32,1817.1,1951693.105,42.1,7.4,82.9255,99.04673
28/02/2023,-1,27/02/2023,144949050,17392.7,27/02/2023,7935.11,27/02/2023,3982.24,28/02/2023,20020.17,75.68,1824.9,1942278.283,41.73,7.444,82.65225,99.73098